-- phpMyAdmin SQL Dump
-- version 5.2.1
-- https://www.phpmyadmin.net/
--
-- Servidor: mysql:3306
-- Tiempo de generación: 09-02-2024 a las 09:54:59
-- Versión del servidor: 8.0.32
-- Versión de PHP: 8.2.8

SET SQL_MODE = "NO_AUTO_VALUE_ON_ZERO";
START TRANSACTION;
SET time_zone = "+00:00";


/*!40101 SET @OLD_CHARACTER_SET_CLIENT=@@CHARACTER_SET_CLIENT */;
/*!40101 SET @OLD_CHARACTER_SET_RESULTS=@@CHARACTER_SET_RESULTS */;
/*!40101 SET @OLD_COLLATION_CONNECTION=@@COLLATION_CONNECTION */;
/*!40101 SET NAMES utf8mb4 */;

--
-- Base de datos: `Suncloud`
--

-- --------------------------------------------------------

--
-- Estructura de tabla para la tabla `datos_tiempo`
--

CREATE TABLE `datos_tiempo` (
  `id` bigint UNSIGNED NOT NULL,
  `temperatura_real` int NOT NULL,
  `temperatura_fake` int NOT NULL,
  `humedad` int NOT NULL,
  `viento` double NOT NULL,
  `descripcion` varchar(255) COLLATE utf8mb4_unicode_ci NOT NULL,
  `fecha` timestamp NOT NULL,
  `id_ubicacion` bigint UNSIGNED NOT NULL
) ENGINE=InnoDB DEFAULT CHARSET=utf8mb4 COLLATE=utf8mb4_unicode_ci;

--
-- Volcado de datos para la tabla `datos_tiempo`
--

INSERT INTO `datos_tiempo` (`id`, `temperatura_real`, `temperatura_fake`, `humedad`, `viento`, `descripcion`, `fecha`, `id_ubicacion`) VALUES
(1, 16, 18, 68, 4.19, 'nubes', '2024-02-08 14:15:09', 1),
(2, 18, 20, 65, 3.97, 'lluvia ligera', '2024-02-08 14:15:10', 2),
(3, 17, 18, 64, 4.44, 'lluvia ligera', '2024-02-08 14:15:10', 3),
(4, 19, 17, 63, 4.98, 'lluvia moderada', '2024-02-08 14:15:10', 4),
(5, 17, 15, 66, 4.29, 'nubes', '2024-02-08 14:15:10', 5),
(6, 18, 19, 67, 4.18, 'nubes', '2024-02-08 14:15:11', 6),
(7, 17, 15, 65, 4.22, 'lluvia ligera', '2024-02-08 14:15:11', 7),
(8, 17, 15, 67, 4.28, 'nubes', '2024-02-08 14:15:11', 8),
(9, 18, 20, 67, 4.14, 'nubes', '2024-02-08 14:15:11', 9),
(10, 17, 18, 68, 4.15, 'nubes', '2024-02-08 14:15:12', 10),
(11, 19, 18, 65, 3.82, 'lluvia ligera', '2024-02-08 14:15:12', 11),
(12, 19, 20, 66, 4.08, 'nubes', '2024-02-08 14:15:12', 12),
(13, 17, 15, 55, 5.26, 'lluvia ligera', '2024-02-08 14:15:13', 13),
(14, 17, 17, 66, 4.3, 'nubes', '2024-02-08 14:15:13', 14),
(15, 17, 18, 43, 6.46, 'nubes', '2024-02-08 14:15:13', 15),
(16, 17, 17, 43, 6.21, 'lluvia ligera', '2024-02-08 14:15:13', 16),
(17, 18, 17, 65, 4.17, 'lluvia ligera', '2024-02-08 14:15:14', 17),
(18, 19, 18, 39, 11.83, 'lluvia ligera', '2024-02-08 14:15:14', 18),
(19, 17, 19, 67, 4.24, 'nubes', '2024-02-08 14:15:14', 19),
(20, 17, 15, 59, 4.92, 'lluvia moderada', '2024-02-08 14:15:15', 20),
(21, 17, 18, 63, 4.83, 'lluvia moderada', '2024-02-08 14:15:15', 21),
(22, 17, 17, 67, 4.23, 'nubes', '2024-02-08 14:15:15', 22),
(23, 17, 16, 66, 4.33, 'nubes', '2024-02-08 14:15:15', 23),
(24, 15, 14, 65, 4.51, 'lluvia ligera', '2024-02-08 14:15:16', 24),
(25, 18, 19, 67, 4.03, 'nubes', '2024-02-08 14:15:16', 25),
(26, 16, 14, 67, 4.04, 'nubes', '2024-02-08 14:15:16', 26),
(27, 17, 16, 53, 5.44, 'lluvia ligera', '2024-02-08 14:15:17', 27),
(28, 18, 19, 67, 3.94, 'nubes', '2024-02-08 14:15:17', 28),
(29, 16, 14, 65, 4.38, 'lluvia ligera', '2024-02-08 14:15:17', 29),
(30, 19, 17, 55, 5.62, 'lluvia ligera', '2024-02-08 14:15:17', 30),
(31, 19, 20, 39, 11.83, 'lluvia ligera', '2024-02-08 14:15:18', 31),
(32, 18, 18, 46, 5.61, 'lluvia moderada', '2024-02-08 14:15:18', 32),
(33, 17, 18, 67, 3.87, 'nubes', '2024-02-08 14:15:18', 33),
(34, 15, 14, 46, 5.89, 'lluvia moderada', '2024-02-08 14:15:18', 34),
(35, 18, 16, 49, 5.26, 'lluvia moderada', '2024-02-08 14:15:19', 35),
(36, 19, 19, 39, 11.83, 'lluvia ligera', '2024-02-08 14:15:19', 36),
(37, 17, 18, 65, 4.46, 'lluvia ligera', '2024-02-08 14:15:19', 37),
(38, 16, 14, 43, 6.79, 'nubes', '2024-02-08 14:15:20', 38),
(39, 17, 19, 63, 4.64, 'nubes', '2024-02-08 14:15:20', 39),
(40, 16, 16, 64, 4.59, 'nubes', '2024-02-08 14:15:20', 40),
(41, 16, 16, 67, 4.23, 'nubes', '2024-02-08 14:15:20', 41),
(42, 16, 18, 67, 3.97, 'nubes', '2024-02-08 14:15:21', 42),
(43, 19, 20, 64, 5.3, 'lluvia ligera', '2024-02-08 14:15:21', 43),
(44, 19, 19, 39, 11.83, 'lluvia ligera', '2024-02-08 14:15:21', 44),
(45, 17, 17, 66, 4.13, 'lluvia ligera', '2024-02-08 14:15:21', 45),
(46, 19, 21, 39, 11.83, 'cielo claro', '2024-02-08 14:15:22', 46),
(47, 18, 18, 66, 4.07, 'nubes', '2024-02-08 14:15:22', 47),
(48, 17, 19, 66, 4.3, 'nubes', '2024-02-08 14:15:22', 48),
(49, 18, 17, 66, 4.24, 'nubes', '2024-02-08 14:15:23', 49),
(50, 19, 18, 39, 11.83, 'cielo claro', '2024-02-08 14:15:23', 50),
(51, 18, 19, 66, 4.06, 'nubes', '2024-02-08 14:15:23', 51),
(52, 17, 19, 66, 4.31, 'nubes', '2024-02-08 14:15:23', 52),
(53, 17, 18, 65, 4.2, 'lluvia ligera', '2024-02-08 14:15:24', 53),
(54, 19, 19, 65, 3.91, 'lluvia ligera', '2024-02-08 14:15:24', 54),
(55, 17, 15, 67, 4.29, 'nubes', '2024-02-08 14:15:24', 55),
(56, 17, 19, 67, 4.04, 'nubes', '2024-02-08 14:15:25', 56),
(57, 16, 16, 60, 4.95, 'nubes', '2024-02-08 14:15:25', 57),
(58, 18, 16, 66, 4.3, 'nubes', '2024-02-08 14:15:25', 58),
(59, 16, 15, 39, 12.86, 'muy nuboso', '2024-02-08 14:15:25', 59),
(60, 19, 19, 39, 11.83, 'lluvia ligera', '2024-02-08 14:15:26', 60),
(61, 18, 16, 67, 4.02, 'nubes', '2024-02-08 14:15:26', 61),
(62, 18, 19, 51, 5.12, 'lluvia ligera', '2024-02-08 14:15:26', 62),
(63, 17, 15, 65, 4.49, 'nubes', '2024-02-08 14:15:27', 63),
(64, 18, 16, 52, 5.95, 'lluvia ligera', '2024-02-08 14:15:27', 64),
(65, 19, 17, 39, 11.83, 'cielo claro', '2024-02-08 14:15:27', 65),
(66, 16, 18, 67, 4.3, 'nubes', '2024-02-08 14:15:27', 66),
(67, 17, 15, 43, 5.62, 'nubes', '2024-02-08 14:15:28', 67),
(68, 17, 17, 66, 4.31, 'nubes', '2024-02-08 14:15:28', 68),
(69, 17, 16, 67, 4.21, 'nubes', '2024-02-08 14:15:28', 69),
(70, 16, 15, 68, 3.98, 'nubes', '2024-02-08 14:15:29', 70),
(71, 19, 19, 64, 4.64, 'lluvia ligera', '2024-02-08 14:15:29', 71),
(72, 17, 19, 65, 4.43, 'nubes', '2024-02-08 14:15:29', 72),
(73, 19, 19, 39, 11.83, 'lluvia ligera', '2024-02-08 14:15:30', 73),
(74, 17, 17, 66, 4.34, 'nubes', '2024-02-08 14:15:30', 74),
(75, 18, 20, 51, 5.33, 'lluvia moderada', '2024-02-08 14:15:30', 75),
(76, 18, 17, 66, 4.09, 'nubes', '2024-02-08 14:15:30', 76),
(77, 19, 21, 65, 3.71, 'lluvia ligera', '2024-02-08 14:15:31', 77),
(78, 16, 15, 61, 4.85, 'lluvia ligera', '2024-02-08 14:15:31', 78),
(79, 19, 20, 65, 4.18, 'lluvia ligera', '2024-02-08 14:15:31', 79),
(80, 19, 17, 66, 4, 'lluvia ligera', '2024-02-08 14:15:32', 80),
(81, 17, 15, 67, 4.25, 'nubes', '2024-02-08 14:15:32', 81),
(82, 19, 18, 64, 4.99, 'lluvia ligera', '2024-02-08 14:15:32', 82),
(83, 16, 17, 64, 4.5, 'nubes', '2024-02-08 14:15:32', 83),
(84, 16, 16, 65, 4.48, 'nubes', '2024-02-08 14:15:33', 84),
(85, 18, 17, 62, 4.97, 'lluvia moderada', '2024-02-08 14:15:33', 85),
(86, 18, 19, 65, 4.08, 'lluvia ligera', '2024-02-08 14:15:33', 86),
(87, 19, 20, 63, 5.45, 'lluvia ligera', '2024-02-08 14:15:34', 87),
(88, 16, 14, 61, 4.85, 'lluvia ligera', '2024-02-08 14:15:34', 88);

-- --------------------------------------------------------

--
-- Estructura de tabla para la tabla `failed_jobs`
--

CREATE TABLE `failed_jobs` (
  `id` bigint UNSIGNED NOT NULL,
  `uuid` varchar(255) COLLATE utf8mb4_unicode_ci NOT NULL,
  `connection` text COLLATE utf8mb4_unicode_ci NOT NULL,
  `queue` text COLLATE utf8mb4_unicode_ci NOT NULL,
  `payload` longtext COLLATE utf8mb4_unicode_ci NOT NULL,
  `exception` longtext COLLATE utf8mb4_unicode_ci NOT NULL,
  `failed_at` timestamp NOT NULL DEFAULT CURRENT_TIMESTAMP
) ENGINE=InnoDB DEFAULT CHARSET=utf8mb4 COLLATE=utf8mb4_unicode_ci;

-- --------------------------------------------------------

--
-- Estructura de tabla para la tabla `historico_ubicaciones`
--

CREATE TABLE `historico_ubicaciones` (
  `id` bigint UNSIGNED NOT NULL,
  `id_ubicacion` bigint UNSIGNED NOT NULL,
  `temperatura` int NOT NULL,
  `humedad` int NOT NULL,
  `viento` double NOT NULL,
  `descripcion` varchar(255) COLLATE utf8mb4_unicode_ci NOT NULL,
  `fecha` timestamp NOT NULL
) ENGINE=InnoDB DEFAULT CHARSET=utf8mb4 COLLATE=utf8mb4_unicode_ci;

--
-- Volcado de datos para la tabla `historico_ubicaciones`
--

INSERT INTO `historico_ubicaciones` (`id`, `id_ubicacion`, `temperatura`, `humedad`, `viento`, `descripcion`, `fecha`) VALUES
(1, 1, 15, 54, 3.88, 'nubes', '2024-02-08 12:28:30'),
(2, 2, 17, 41, 2.68, 'nubes', '2024-02-08 12:28:30'),
(3, 3, 16, 40, 4.43, 'nubes', '2024-02-08 12:28:30'),
(4, 4, 17, 32, 4.56, 'nubes', '2024-02-08 12:28:31'),
(5, 5, 16, 53, 2.68, 'nubes', '2024-02-08 12:28:31'),
(6, 6, 17, 53, 2.68, 'nubes', '2024-02-08 12:28:31'),
(7, 7, 16, 41, 2.68, 'nubes', '2024-02-08 12:28:31'),
(8, 8, 16, 53, 3.94, 'nubes', '2024-02-08 12:28:32'),
(9, 9, 16, 53, 2.68, 'nubes', '2024-02-08 12:28:32'),
(10, 10, 16, 53, 3.86, 'nubes', '2024-02-08 12:28:32'),
(11, 11, 17, 40, 5.36, 'nubes', '2024-02-08 12:28:33'),
(12, 12, 17, 42, 2.68, 'nubes', '2024-02-08 12:28:33'),
(13, 13, 16, 59, 4.3, 'nubes', '2024-02-08 12:28:33'),
(14, 14, 17, 53, 3.94, 'nubes', '2024-02-08 12:28:33'),
(15, 15, 16, 49, 5, 'nubes', '2024-02-08 12:28:34'),
(16, 16, 17, 49, 4.87, 'nubes', '2024-02-08 12:28:34'),
(17, 17, 17, 41, 2.68, 'nubes', '2024-02-08 12:28:34'),
(18, 18, 18, 37, 5.36, 'cielo claro', '2024-02-08 12:28:34'),
(19, 19, 16, 75, 3.79, 'nubes', '2024-02-08 12:28:35'),
(20, 20, 17, 61, 4.26, 'nubes', '2024-02-08 12:28:35'),
(21, 21, 17, 53, 4.31, 'nubes', '2024-02-08 12:28:35'),
(22, 22, 16, 53, 3.94, 'nubes', '2024-02-08 12:28:35'),
(23, 23, 16, 53, 3.91, 'nubes', '2024-02-08 12:28:36'),
(24, 24, 15, 53, 4.16, 'nubes', '2024-02-08 12:28:36'),
(25, 25, 16, 43, 2.68, 'nubes', '2024-02-08 12:28:36'),
(26, 26, 15, 43, 2.68, 'nubes', '2024-02-08 12:28:36'),
(27, 27, 17, 55, 4.43, 'nubes', '2024-02-08 12:28:37'),
(28, 28, 16, 42, 2.68, 'nubes', '2024-02-08 12:28:37'),
(29, 29, 15, 53, 4.15, 'nubes', '2024-02-08 12:28:37'),
(30, 30, 18, 54, 4.91, 'nubes', '2024-02-08 12:28:38'),
(31, 31, 18, 39, 5.36, 'cielo claro', '2024-02-08 12:28:38'),
(32, 32, 17, 48, 4.69, 'nubes', '2024-02-08 12:28:38'),
(33, 33, 16, 42, 2.68, 'nubes', '2024-02-08 12:28:38'),
(34, 34, 15, 48, 4.79, 'nubes', '2024-02-08 12:28:39'),
(35, 35, 17, 51, 4.47, 'nubes', '2024-02-08 12:28:39'),
(36, 36, 18, 38, 5.36, 'cielo claro', '2024-02-08 12:28:39'),
(37, 37, 16, 53, 4.23, 'nubes', '2024-02-08 12:28:39'),
(38, 38, 16, 49, 5.32, 'nubes', '2024-02-08 12:28:40'),
(39, 39, 16, 69, 4.01, 'nubes', '2024-02-08 12:28:40'),
(40, 40, 15, 70, 3.97, 'nubes', '2024-02-08 12:28:40'),
(41, 41, 15, 53, 3.9, 'nubes', '2024-02-08 12:28:40'),
(42, 42, 15, 53, 2.68, 'nubes', '2024-02-08 12:28:41'),
(43, 43, 18, 37, 4.8, 'nubes', '2024-02-08 12:28:41'),
(44, 44, 17, 38, 5.36, 'cielo claro', '2024-02-08 12:28:41'),
(45, 45, 16, 40, 2.68, 'nubes', '2024-02-08 12:28:41'),
(46, 46, 18, 38, 5.14, 'cielo claro', '2024-02-08 12:28:42'),
(47, 47, 17, 45, 2.68, 'nubes', '2024-02-08 12:28:42'),
(48, 48, 16, 74, 3.82, 'nubes', '2024-02-08 12:28:42'),
(49, 49, 17, 53, 4.01, 'nubes', '2024-02-08 12:28:43'),
(50, 50, 18, 38, 5.14, 'cielo claro', '2024-02-08 12:28:43'),
(51, 51, 17, 42, 2.68, 'nubes', '2024-02-08 12:28:43'),
(52, 52, 17, 53, 3.95, 'nubes', '2024-02-08 12:28:43'),
(53, 53, 16, 41, 2.68, 'nubes', '2024-02-08 12:28:44'),
(54, 54, 17, 39, 5.36, 'nubes', '2024-02-08 12:28:44'),
(55, 55, 17, 53, 3.87, 'nubes', '2024-02-08 12:28:44'),
(56, 56, 16, 45, 2.68, 'nubes', '2024-02-08 12:28:45'),
(57, 57, 15, 65, 4.1, 'nubes', '2024-02-08 12:28:45'),
(58, 58, 17, 53, 3.99, 'nubes', '2024-02-08 12:28:45'),
(59, 59, 15, 42, 8.75, 'cielo claro', '2024-02-08 12:28:45'),
(60, 60, 18, 38, 5.36, 'cielo claro', '2024-02-08 12:28:46'),
(61, 61, 17, 53, 2.68, 'nubes', '2024-02-08 12:28:46'),
(62, 62, 17, 52, 4.44, 'nubes', '2024-02-08 12:28:46'),
(63, 63, 16, 72, 3.89, 'nubes', '2024-02-08 12:28:46'),
(64, 64, 17, 52, 5.19, 'lluvia ligera', '2024-02-08 12:28:47'),
(65, 65, 17, 38, 5.14, 'cielo claro', '2024-02-08 12:28:47'),
(66, 66, 16, 53, 3.85, 'nubes', '2024-02-08 12:28:47'),
(67, 67, 16, 49, 4.44, 'nubes', '2024-02-08 12:28:47'),
(68, 68, 17, 53, 3.92, 'nubes', '2024-02-08 12:28:48'),
(69, 69, 15, 53, 3.96, 'nubes', '2024-02-08 12:28:48'),
(70, 70, 15, 53, 2.68, 'nubes', '2024-02-08 12:28:48'),
(71, 71, 18, 39, 4.02, 'nubes', '2024-02-08 12:28:48'),
(72, 72, 16, 72, 3.92, 'nubes', '2024-02-08 12:28:49'),
(73, 73, 17, 38, 5.36, 'cielo claro', '2024-02-08 12:28:49'),
(74, 74, 16, 74, 3.82, 'nubes', '2024-02-08 12:28:49'),
(75, 75, 17, 53, 4.44, 'nubes', '2024-02-08 12:28:50'),
(76, 76, 17, 43, 2.68, 'nubes', '2024-02-08 12:28:50'),
(77, 77, 17, 40, 5.36, 'nubes', '2024-02-08 12:28:50'),
(78, 78, 15, 65, 4.11, 'nubes', '2024-02-08 12:28:50'),
(79, 79, 17, 39, 5.36, 'nubes', '2024-02-08 12:28:51'),
(80, 80, 17, 42, 2.68, 'nubes', '2024-02-08 12:28:51'),
(81, 81, 17, 53, 3.87, 'nubes', '2024-02-08 12:28:51'),
(82, 82, 17, 40, 4.68, 'nubes', '2024-02-08 12:28:51'),
(83, 83, 16, 72, 3.8, 'nubes', '2024-02-08 12:28:52'),
(84, 84, 16, 72, 3.87, 'nubes', '2024-02-08 12:28:52'),
(85, 85, 17, 62, 4.49, 'nubes', '2024-02-08 12:28:52'),
(86, 86, 17, 41, 2.68, 'nubes', '2024-02-08 12:28:52'),
(87, 87, 18, 36, 4.78, 'nubes', '2024-02-08 12:28:53'),
(88, 88, 15, 65, 4.11, 'nubes', '2024-02-08 12:28:53'),
(89, 1, 15, 54, 3.88, 'nubes', '2024-02-08 12:30:08'),
(90, 2, 17, 41, 2.68, 'nubes', '2024-02-08 12:30:09'),
(91, 3, 16, 40, 4.43, 'nubes', '2024-02-08 12:30:09'),
(92, 4, 17, 32, 4.56, 'nubes', '2024-02-08 12:30:09'),
(93, 5, 16, 53, 2.68, 'nubes', '2024-02-08 12:30:09'),
(94, 6, 17, 53, 2.68, 'nubes', '2024-02-08 12:30:09'),
(95, 7, 16, 41, 2.68, 'nubes', '2024-02-08 12:30:10'),
(96, 8, 16, 53, 3.94, 'nubes', '2024-02-08 12:30:10'),
(97, 9, 16, 53, 2.68, 'nubes', '2024-02-08 12:30:10'),
(98, 10, 16, 53, 3.86, 'nubes', '2024-02-08 12:30:10'),
(99, 11, 17, 40, 5.36, 'nubes', '2024-02-08 12:30:11'),
(100, 12, 17, 42, 2.68, 'nubes', '2024-02-08 12:30:11'),
(101, 13, 16, 59, 4.3, 'nubes', '2024-02-08 12:30:11'),
(102, 14, 17, 53, 3.94, 'nubes', '2024-02-08 12:30:11'),
(103, 15, 16, 49, 5, 'nubes', '2024-02-08 12:30:12'),
(104, 16, 17, 49, 4.87, 'nubes', '2024-02-08 12:30:12'),
(105, 17, 17, 41, 2.68, 'nubes', '2024-02-08 12:30:12'),
(106, 18, 18, 37, 5.36, 'cielo claro', '2024-02-08 12:30:12'),
(107, 19, 16, 75, 3.79, 'nubes', '2024-02-08 12:30:12'),
(108, 20, 17, 61, 4.26, 'nubes', '2024-02-08 12:30:13'),
(109, 21, 17, 53, 4.31, 'nubes', '2024-02-08 12:30:13'),
(110, 22, 16, 53, 3.94, 'nubes', '2024-02-08 12:30:13'),
(111, 23, 16, 53, 3.91, 'nubes', '2024-02-08 12:30:13'),
(112, 24, 15, 53, 4.16, 'nubes', '2024-02-08 12:30:14'),
(113, 25, 16, 43, 2.68, 'nubes', '2024-02-08 12:30:14'),
(114, 26, 15, 43, 2.68, 'nubes', '2024-02-08 12:30:14'),
(115, 27, 17, 55, 4.43, 'nubes', '2024-02-08 12:30:14'),
(116, 28, 16, 42, 2.68, 'nubes', '2024-02-08 12:30:14'),
(117, 29, 15, 53, 4.15, 'nubes', '2024-02-08 12:30:15'),
(118, 30, 18, 54, 4.91, 'nubes', '2024-02-08 12:30:15'),
(119, 31, 18, 39, 5.36, 'cielo claro', '2024-02-08 12:30:15'),
(120, 32, 17, 48, 4.69, 'nubes', '2024-02-08 12:30:15'),
(121, 33, 16, 42, 2.68, 'nubes', '2024-02-08 12:30:15'),
(122, 34, 15, 48, 4.79, 'nubes', '2024-02-08 12:30:16'),
(123, 35, 17, 51, 4.47, 'nubes', '2024-02-08 12:30:16'),
(124, 36, 18, 38, 5.36, 'cielo claro', '2024-02-08 12:30:16'),
(125, 37, 16, 53, 4.23, 'nubes', '2024-02-08 12:30:16'),
(126, 38, 16, 49, 5.32, 'nubes', '2024-02-08 12:30:17'),
(127, 39, 16, 69, 4.01, 'nubes', '2024-02-08 12:30:17'),
(128, 40, 15, 70, 3.97, 'nubes', '2024-02-08 12:30:17'),
(129, 41, 15, 53, 3.9, 'nubes', '2024-02-08 12:30:17'),
(130, 42, 15, 53, 2.68, 'nubes', '2024-02-08 12:30:18'),
(131, 43, 18, 37, 4.8, 'nubes', '2024-02-08 12:30:18'),
(132, 44, 17, 38, 5.36, 'cielo claro', '2024-02-08 12:30:18'),
(133, 45, 16, 40, 2.68, 'nubes', '2024-02-08 12:30:18'),
(134, 46, 18, 38, 5.14, 'cielo claro', '2024-02-08 12:30:19'),
(135, 47, 17, 45, 2.68, 'nubes', '2024-02-08 12:30:19'),
(136, 48, 16, 74, 3.82, 'nubes', '2024-02-08 12:30:19'),
(137, 49, 17, 53, 4.01, 'nubes', '2024-02-08 12:30:19'),
(138, 50, 18, 38, 5.14, 'cielo claro', '2024-02-08 12:30:19'),
(139, 51, 17, 42, 2.68, 'nubes', '2024-02-08 12:30:20'),
(140, 52, 17, 53, 3.95, 'nubes', '2024-02-08 12:30:20'),
(141, 53, 16, 41, 2.68, 'nubes', '2024-02-08 12:30:20'),
(142, 54, 17, 39, 5.36, 'nubes', '2024-02-08 12:30:20'),
(143, 55, 17, 53, 3.87, 'nubes', '2024-02-08 12:30:21'),
(144, 56, 16, 45, 2.68, 'nubes', '2024-02-08 12:30:21'),
(145, 57, 15, 65, 4.1, 'nubes', '2024-02-08 12:30:21'),
(146, 58, 17, 53, 3.99, 'nubes', '2024-02-08 12:30:21'),
(147, 59, 15, 42, 8.75, 'cielo claro', '2024-02-08 12:30:21'),
(148, 60, 18, 38, 5.36, 'cielo claro', '2024-02-08 12:30:22'),
(149, 61, 17, 53, 2.68, 'nubes', '2024-02-08 12:30:22'),
(150, 62, 17, 52, 4.44, 'nubes', '2024-02-08 12:30:22'),
(151, 63, 16, 72, 3.89, 'nubes', '2024-02-08 12:30:22'),
(152, 64, 17, 52, 5.19, 'lluvia ligera', '2024-02-08 12:30:23'),
(153, 65, 17, 38, 5.14, 'cielo claro', '2024-02-08 12:30:23'),
(154, 66, 16, 53, 3.85, 'nubes', '2024-02-08 12:30:23'),
(155, 67, 16, 49, 4.44, 'nubes', '2024-02-08 12:30:23'),
(156, 68, 17, 53, 3.92, 'nubes', '2024-02-08 12:30:24'),
(157, 69, 15, 53, 3.96, 'nubes', '2024-02-08 12:30:24'),
(158, 70, 15, 53, 2.68, 'nubes', '2024-02-08 12:30:24'),
(159, 71, 18, 39, 4.02, 'nubes', '2024-02-08 12:30:24'),
(160, 72, 16, 72, 3.92, 'nubes', '2024-02-08 12:30:24'),
(161, 73, 17, 38, 5.36, 'cielo claro', '2024-02-08 12:30:25'),
(162, 74, 16, 74, 3.82, 'nubes', '2024-02-08 12:30:25'),
(163, 75, 17, 53, 4.44, 'nubes', '2024-02-08 12:30:25'),
(164, 76, 17, 43, 2.68, 'nubes', '2024-02-08 12:30:25'),
(165, 77, 17, 40, 5.36, 'nubes', '2024-02-08 12:30:26'),
(166, 78, 15, 65, 4.11, 'nubes', '2024-02-08 12:30:26'),
(167, 79, 17, 39, 5.36, 'nubes', '2024-02-08 12:30:26'),
(168, 80, 17, 42, 2.68, 'nubes', '2024-02-08 12:30:26'),
(169, 81, 17, 53, 3.87, 'nubes', '2024-02-08 12:30:26'),
(170, 82, 17, 40, 4.68, 'nubes', '2024-02-08 12:30:27'),
(171, 83, 16, 72, 3.8, 'nubes', '2024-02-08 12:30:27'),
(172, 84, 16, 72, 3.87, 'nubes', '2024-02-08 12:30:27'),
(173, 85, 17, 62, 4.49, 'nubes', '2024-02-08 12:30:27'),
(174, 86, 17, 41, 2.68, 'nubes', '2024-02-08 12:30:28'),
(175, 87, 18, 36, 4.78, 'nubes', '2024-02-08 12:30:28'),
(176, 88, 15, 65, 4.11, 'nubes', '2024-02-08 12:30:28'),
(177, 1, 15, 73, 3.52, 'nubes', '2024-02-08 12:45:08'),
(178, 2, 16, 44, 3.86, 'lluvia ligera', '2024-02-08 12:45:08'),
(179, 3, 15, 44, 4.12, 'lluvia ligera', '2024-02-08 12:45:09'),
(180, 4, 17, 43, 4.4, 'lluvia ligera', '2024-02-08 12:45:09'),
(181, 5, 15, 69, 3.77, 'nubes', '2024-02-08 12:45:09'),
(182, 6, 16, 71, 3.65, 'nubes', '2024-02-08 12:45:09'),
(183, 7, 15, 44, 3.86, 'lluvia ligera', '2024-02-08 12:45:10'),
(184, 8, 15, 72, 3.61, 'nubes', '2024-02-08 12:45:10'),
(185, 9, 16, 71, 3.63, 'nubes', '2024-02-08 12:45:10'),
(186, 10, 16, 74, 3.5, 'nubes', '2024-02-08 12:45:10'),
(187, 11, 17, 44, 3.85, 'lluvia ligera', '2024-02-08 12:45:11'),
(188, 12, 17, 44, 3.78, 'lluvia ligera', '2024-02-08 12:45:11'),
(189, 13, 17, 57, 4.23, 'nubes', '2024-02-08 12:45:11'),
(190, 14, 16, 72, 3.62, 'nubes', '2024-02-08 12:45:11'),
(191, 15, 17, 43, 5.16, 'nubes', '2024-02-08 12:45:12'),
(192, 16, 17, 44, 5.05, 'nubes', '2024-02-08 12:45:12'),
(193, 17, 16, 44, 3.91, 'lluvia ligera', '2024-02-08 12:45:12'),
(194, 18, 17, 43, 8.23, 'lluvia ligera', '2024-02-08 12:45:13'),
(195, 19, 16, 74, 3.48, 'nubes', '2024-02-08 12:45:13'),
(196, 20, 17, 60, 4.13, 'nubes', '2024-02-08 12:45:13'),
(197, 21, 16, 64, 4.1, 'nubes', '2024-02-08 12:45:13'),
(198, 22, 15, 72, 3.6, 'nubes', '2024-02-08 12:45:14'),
(199, 23, 16, 72, 3.61, 'nubes', '2024-02-08 12:45:14'),
(200, 24, 14, 68, 3.87, 'nubes', '2024-02-08 12:45:14'),
(201, 25, 16, 37, 3.68, 'lluvia ligera', '2024-02-08 12:45:15'),
(202, 26, 15, 71, 3.67, 'nubes', '2024-02-08 12:45:15'),
(203, 27, 17, 54, 4.45, 'nubes', '2024-02-08 12:45:15'),
(204, 28, 16, 42, 3.68, 'lluvia ligera', '2024-02-08 12:45:15'),
(205, 29, 14, 68, 3.83, 'nubes', '2024-02-08 12:45:16'),
(206, 30, 17, 55, 5.14, 'lluvia ligera', '2024-02-08 12:45:16'),
(207, 31, 17, 43, 8.23, 'lluvia ligera', '2024-02-08 12:45:16'),
(208, 32, 17, 46, 4.97, 'nubes', '2024-02-08 12:45:16'),
(209, 33, 15, 40, 3.63, 'nubes', '2024-02-08 12:45:17'),
(210, 34, 15, 46, 5.05, 'nubes', '2024-02-08 12:45:17'),
(211, 35, 17, 50, 4.64, 'lluvia ligera', '2024-02-08 12:45:17'),
(212, 36, 17, 43, 8.23, 'lluvia ligera', '2024-02-08 12:45:17'),
(213, 37, 15, 67, 3.93, 'nubes', '2024-02-08 12:45:18'),
(214, 38, 17, 43, 5.38, 'nubes', '2024-02-08 12:45:18'),
(215, 39, 16, 68, 3.76, 'nubes', '2024-02-08 12:45:18'),
(216, 40, 15, 69, 3.7, 'nubes', '2024-02-08 12:45:19'),
(217, 41, 14, 73, 3.56, 'nubes', '2024-02-08 12:45:19'),
(218, 42, 14, 71, 3.61, 'nubes', '2024-02-08 12:45:19'),
(219, 43, 17, 44, 4.91, 'lluvia ligera', '2024-02-08 12:45:19'),
(220, 44, 17, 43, 8.23, 'lluvia ligera', '2024-02-08 12:45:20'),
(221, 45, 16, 40, 3.78, 'lluvia ligera', '2024-02-08 12:45:20'),
(222, 46, 18, 42, 8.23, 'lluvia ligera', '2024-02-08 12:45:20'),
(223, 47, 16, 70, 3.69, 'lluvia ligera', '2024-02-08 12:45:20'),
(224, 48, 17, 73, 3.54, 'nubes', '2024-02-08 12:45:21'),
(225, 49, 16, 71, 3.66, 'nubes', '2024-02-08 12:45:21'),
(226, 50, 18, 42, 8.23, 'lluvia ligera', '2024-02-08 12:45:21'),
(227, 51, 17, 44, 3.79, 'lluvia ligera', '2024-02-08 12:45:22'),
(228, 52, 16, 72, 3.63, 'nubes', '2024-02-08 12:45:22'),
(229, 53, 16, 44, 3.89, 'lluvia ligera', '2024-02-08 12:45:22'),
(230, 54, 17, 44, 4.02, 'lluvia ligera', '2024-02-08 12:45:22'),
(231, 55, 16, 73, 3.56, 'nubes', '2024-02-08 12:45:23'),
(232, 56, 15, 70, 3.66, 'lluvia ligera', '2024-02-08 12:45:23'),
(233, 57, 16, 63, 3.89, 'nubes', '2024-02-08 12:45:23'),
(234, 58, 16, 71, 3.66, 'nubes', '2024-02-08 12:45:23'),
(235, 59, 16, 40, 8.23, 'cielo claro', '2024-02-08 12:45:24'),
(236, 60, 17, 43, 8.23, 'lluvia ligera', '2024-02-08 12:45:24'),
(237, 61, 16, 72, 3.59, 'nubes', '2024-02-08 12:45:24'),
(238, 62, 17, 51, 4.56, 'lluvia ligera', '2024-02-08 12:45:25'),
(239, 63, 17, 71, 3.62, 'nubes', '2024-02-08 12:45:25'),
(240, 64, 17, 52, 5.56, 'lluvia ligera', '2024-02-08 12:45:25'),
(241, 65, 17, 43, 8.23, 'lluvia ligera', '2024-02-08 12:45:25'),
(242, 66, 16, 73, 3.56, 'nubes', '2024-02-08 12:45:26'),
(243, 67, 17, 44, 4.37, 'nubes', '2024-02-08 12:45:26'),
(244, 68, 16, 72, 3.6, 'nubes', '2024-02-08 12:45:26'),
(245, 69, 15, 72, 3.61, 'nubes', '2024-02-08 12:45:26'),
(246, 70, 14, 72, 3.54, 'nubes', '2024-02-08 12:45:27'),
(247, 71, 17, 44, 3.13, 'lluvia ligera', '2024-02-08 12:45:27'),
(248, 72, 17, 71, 3.64, 'nubes', '2024-02-08 12:45:27'),
(249, 73, 17, 43, 8.23, 'lluvia ligera', '2024-02-08 12:45:27'),
(250, 74, 17, 73, 3.55, 'nubes', '2024-02-08 12:45:28'),
(251, 75, 17, 52, 4.54, 'nubes', '2024-02-08 12:45:28'),
(252, 76, 17, 70, 3.72, 'lluvia ligera', '2024-02-08 12:45:28'),
(253, 77, 17, 44, 4.02, 'lluvia ligera', '2024-02-08 12:45:29'),
(254, 78, 15, 64, 3.89, 'nubes', '2024-02-08 12:45:29'),
(255, 79, 17, 44, 4.02, 'lluvia ligera', '2024-02-08 12:45:29'),
(256, 80, 17, 44, 3.82, 'lluvia ligera', '2024-02-08 12:45:29'),
(257, 81, 16, 73, 3.54, 'nubes', '2024-02-08 12:45:30'),
(258, 82, 17, 44, 4.66, 'lluvia ligera', '2024-02-08 12:45:30'),
(259, 83, 17, 70, 3.58, 'nubes', '2024-02-08 12:45:30'),
(260, 84, 16, 71, 3.6, 'nubes', '2024-02-08 12:45:31'),
(261, 85, 17, 62, 4.31, 'lluvia ligera', '2024-02-08 12:45:31'),
(262, 86, 16, 44, 3.88, 'lluvia ligera', '2024-02-08 12:45:31'),
(263, 87, 17, 43, 4.89, 'lluvia ligera', '2024-02-08 12:45:31'),
(264, 88, 15, 64, 3.89, 'nubes', '2024-02-08 12:45:32'),
(265, 1, 15, 73, 3.52, 'nubes', '2024-02-08 13:00:08'),
(266, 2, 17, 41, 3.86, 'nubes', '2024-02-08 13:00:08'),
(267, 3, 16, 41, 4.12, 'nubes', '2024-02-08 13:00:08'),
(268, 4, 17, 36, 4.4, 'nubes', '2024-02-08 13:00:09'),
(269, 5, 16, 69, 3.77, 'nubes', '2024-02-08 13:00:09'),
(270, 6, 17, 71, 3.65, 'nubes', '2024-02-08 13:00:09'),
(271, 7, 16, 41, 3.86, 'nubes', '2024-02-08 13:00:10'),
(272, 8, 16, 72, 3.61, 'nubes', '2024-02-08 13:00:10'),
(273, 9, 16, 71, 3.63, 'nubes', '2024-02-08 13:00:10'),
(274, 10, 16, 74, 3.5, 'nubes', '2024-02-08 13:00:10'),
(275, 11, 17, 41, 3.85, 'nubes', '2024-02-08 13:00:11'),
(276, 12, 17, 41, 3.78, 'nubes', '2024-02-08 13:00:11'),
(277, 13, 17, 57, 4.23, 'nubes', '2024-02-08 13:00:11'),
(278, 14, 17, 72, 3.62, 'nubes', '2024-02-08 13:00:11'),
(279, 15, 17, 41, 5.16, 'nubes', '2024-02-08 13:00:12'),
(280, 16, 17, 42, 5.05, 'nubes', '2024-02-08 13:00:12'),
(281, 17, 17, 41, 3.91, 'nubes', '2024-02-08 13:00:12'),
(282, 18, 18, 41, 8.23, 'cielo claro', '2024-02-08 13:00:13'),
(283, 19, 16, 74, 3.48, 'nubes', '2024-02-08 13:00:13'),
(284, 20, 17, 60, 4.13, 'nubes', '2024-02-08 13:00:13'),
(285, 21, 17, 64, 4.1, 'nubes', '2024-02-08 13:00:13'),
(286, 22, 16, 72, 3.6, 'nubes', '2024-02-08 13:00:14'),
(287, 23, 17, 72, 3.61, 'nubes', '2024-02-08 13:00:14'),
(288, 24, 15, 68, 3.87, 'nubes', '2024-02-08 13:00:14'),
(289, 25, 16, 35, 3.68, 'nubes', '2024-02-08 13:00:14'),
(290, 26, 15, 71, 3.67, 'nubes', '2024-02-08 13:00:15'),
(291, 27, 17, 54, 4.45, 'nubes', '2024-02-08 13:00:15'),
(292, 28, 17, 38, 3.68, 'nubes', '2024-02-08 13:00:15'),
(293, 29, 15, 68, 3.83, 'nubes', '2024-02-08 13:00:15'),
(294, 30, 18, 55, 5.14, 'nubes', '2024-02-08 13:00:16'),
(295, 31, 18, 41, 8.23, 'cielo claro', '2024-02-08 13:00:16'),
(296, 32, 17, 46, 4.97, 'nubes', '2024-02-08 13:00:16'),
(297, 33, 16, 35, 3.63, 'nubes', '2024-02-08 13:00:16'),
(298, 34, 15, 46, 5.05, 'nubes', '2024-02-08 13:00:17'),
(299, 35, 18, 50, 4.64, 'nubes', '2024-02-08 13:00:17'),
(300, 36, 17, 42, 8.23, 'cielo claro', '2024-02-08 13:00:17'),
(301, 37, 16, 67, 3.93, 'nubes', '2024-02-08 13:00:17'),
(302, 38, 17, 41, 5.38, 'nubes', '2024-02-08 13:00:18'),
(303, 39, 16, 68, 3.76, 'nubes', '2024-02-08 13:00:18'),
(304, 40, 16, 69, 3.7, 'nubes', '2024-02-08 13:00:18'),
(305, 41, 15, 73, 3.56, 'nubes', '2024-02-08 13:00:19'),
(306, 42, 15, 71, 3.61, 'nubes', '2024-02-08 13:00:19'),
(307, 43, 18, 41, 4.91, 'nubes', '2024-02-08 13:00:19'),
(308, 44, 18, 41, 8.23, 'cielo claro', '2024-02-08 13:00:19'),
(309, 45, 16, 35, 3.78, 'nubes', '2024-02-08 13:00:20'),
(310, 46, 18, 40, 8.23, 'cielo claro', '2024-02-08 13:00:20'),
(311, 47, 17, 70, 3.69, 'nubes', '2024-02-08 13:00:20'),
(312, 48, 17, 73, 3.54, 'nubes', '2024-02-08 13:00:20'),
(313, 49, 17, 71, 3.66, 'nubes', '2024-02-08 13:00:21'),
(314, 50, 18, 40, 8.23, 'cielo claro', '2024-02-08 13:00:21'),
(315, 51, 17, 41, 3.79, 'nubes', '2024-02-08 13:00:21'),
(316, 52, 17, 72, 3.63, 'nubes', '2024-02-08 13:00:21'),
(317, 53, 16, 41, 3.89, 'nubes', '2024-02-08 13:00:22'),
(318, 54, 17, 41, 4.47, 'nubes', '2024-02-08 13:00:22'),
(319, 55, 17, 73, 3.56, 'nubes', '2024-02-08 13:00:22'),
(320, 56, 16, 70, 3.66, 'nubes', '2024-02-08 13:00:22'),
(321, 57, 16, 63, 3.89, 'nubes', '2024-02-08 13:00:23'),
(322, 58, 17, 71, 3.66, 'nubes', '2024-02-08 13:00:23'),
(323, 59, 16, 39, 8.23, 'cielo claro', '2024-02-08 13:00:23'),
(324, 60, 18, 43, 8.23, 'cielo claro', '2024-02-08 13:00:23'),
(325, 61, 17, 72, 3.59, 'nubes', '2024-02-08 13:00:24'),
(326, 62, 18, 51, 4.56, 'nubes', '2024-02-08 13:00:24'),
(327, 63, 17, 71, 3.62, 'nubes', '2024-02-08 13:00:24'),
(328, 64, 17, 52, 5.56, 'lluvia ligera', '2024-02-08 13:00:25'),
(329, 65, 17, 41, 8.23, 'cielo claro', '2024-02-08 13:00:25'),
(330, 66, 16, 73, 3.56, 'nubes', '2024-02-08 13:00:25'),
(331, 67, 17, 42, 4.37, 'nubes', '2024-02-08 13:00:25'),
(332, 68, 17, 72, 3.6, 'nubes', '2024-02-08 13:00:26'),
(333, 69, 15, 72, 3.61, 'nubes', '2024-02-08 13:00:26'),
(334, 70, 15, 72, 3.54, 'nubes', '2024-02-08 13:00:26'),
(335, 71, 18, 41, 4.47, 'nubes', '2024-02-08 13:00:26'),
(336, 72, 17, 71, 3.64, 'nubes', '2024-02-08 13:00:27'),
(337, 73, 17, 42, 8.23, 'cielo claro', '2024-02-08 13:00:27'),
(338, 74, 17, 73, 3.55, 'nubes', '2024-02-08 13:00:27'),
(339, 75, 17, 52, 4.54, 'nubes', '2024-02-08 13:00:28'),
(340, 76, 17, 70, 3.72, 'nubes', '2024-02-08 13:00:28'),
(341, 77, 17, 41, 4.47, 'nubes', '2024-02-08 13:00:28'),
(342, 78, 16, 64, 3.89, 'nubes', '2024-02-08 13:00:28'),
(343, 79, 18, 41, 4.47, 'nubes', '2024-02-08 13:00:29'),
(344, 80, 17, 41, 3.82, 'nubes', '2024-02-08 13:00:30'),
(345, 81, 17, 73, 3.54, 'nubes', '2024-02-08 13:00:30'),
(346, 82, 18, 41, 4.66, 'nubes', '2024-02-08 13:00:38'),
(347, 83, 17, 70, 3.58, 'nubes', '2024-02-08 13:00:40'),
(348, 84, 16, 71, 3.6, 'nubes', '2024-02-08 13:00:40'),
(349, 85, 17, 62, 4.31, 'nubes', '2024-02-08 13:00:41'),
(350, 86, 17, 41, 3.88, 'nubes', '2024-02-08 13:00:41'),
(351, 87, 18, 36, 4.89, 'nubes', '2024-02-08 13:00:43'),
(352, 88, 16, 64, 3.89, 'nubes', '2024-02-08 13:00:44'),
(353, 1, 15, 73, 3.52, 'nubes', '2024-02-08 13:15:09'),
(354, 2, 17, 37, 3.86, 'nubes', '2024-02-08 13:15:10'),
(355, 3, 16, 38, 4.12, 'nubes', '2024-02-08 13:15:10'),
(356, 4, 17, 36, 4.4, 'nubes', '2024-02-08 13:15:10'),
(357, 5, 16, 69, 3.77, 'nubes', '2024-02-08 13:15:11'),
(358, 6, 17, 71, 3.65, 'nubes', '2024-02-08 13:15:11'),
(359, 7, 16, 38, 3.86, 'nubes', '2024-02-08 13:15:11'),
(360, 8, 16, 72, 3.61, 'nubes', '2024-02-08 13:15:11'),
(361, 9, 16, 71, 3.63, 'nubes', '2024-02-08 13:15:12'),
(362, 10, 16, 74, 3.5, 'nubes', '2024-02-08 13:15:12'),
(363, 11, 17, 38, 3.85, 'nubes', '2024-02-08 13:15:12'),
(364, 12, 17, 37, 3.78, 'nubes', '2024-02-08 13:15:12'),
(365, 13, 17, 57, 4.23, 'nubes', '2024-02-08 13:15:13'),
(366, 14, 17, 72, 3.62, 'nubes', '2024-02-08 13:15:13'),
(367, 15, 17, 40, 5.16, 'nubes', '2024-02-08 13:15:13'),
(368, 16, 17, 43, 5.05, 'nubes', '2024-02-08 13:15:13'),
(369, 17, 17, 37, 3.91, 'nubes', '2024-02-08 13:15:14'),
(370, 18, 18, 38, 6.17, 'cielo claro', '2024-02-08 13:15:14'),
(371, 19, 16, 74, 3.48, 'nubes', '2024-02-08 13:15:14'),
(372, 20, 17, 60, 4.13, 'nubes', '2024-02-08 13:15:14'),
(373, 21, 17, 64, 4.1, 'nubes', '2024-02-08 13:15:15'),
(374, 22, 16, 72, 3.6, 'nubes', '2024-02-08 13:15:15'),
(375, 23, 16, 72, 3.61, 'nubes', '2024-02-08 13:15:15'),
(376, 24, 15, 68, 3.87, 'nubes', '2024-02-08 13:15:16'),
(377, 25, 16, 32, 3.68, 'nubes', '2024-02-08 13:15:16'),
(378, 26, 15, 71, 3.67, 'nubes', '2024-02-08 13:15:16'),
(379, 27, 17, 54, 4.45, 'nubes', '2024-02-08 13:15:16'),
(380, 28, 17, 34, 3.68, 'nubes', '2024-02-08 13:15:17'),
(381, 29, 15, 68, 3.83, 'nubes', '2024-02-08 13:15:17'),
(382, 30, 18, 55, 5.14, 'lluvia ligera', '2024-02-08 13:15:17'),
(383, 31, 18, 40, 8.23, 'cielo claro', '2024-02-08 13:15:17'),
(384, 32, 17, 46, 4.97, 'lluvia ligera', '2024-02-08 13:15:18'),
(385, 33, 16, 34, 3.63, 'nubes', '2024-02-08 13:15:18'),
(386, 34, 15, 46, 5.05, 'nubes', '2024-02-08 13:15:18'),
(387, 35, 18, 50, 4.64, 'nubes', '2024-02-08 13:15:19'),
(388, 36, 18, 38, 8.23, 'cielo claro', '2024-02-08 13:15:19'),
(389, 37, 16, 67, 3.93, 'nubes', '2024-02-08 13:15:19'),
(390, 38, 16, 40, 5.38, 'nubes', '2024-02-08 13:15:19'),
(391, 39, 16, 68, 3.76, 'nubes', '2024-02-08 13:15:20'),
(392, 40, 16, 69, 3.7, 'nubes', '2024-02-08 13:15:20'),
(393, 41, 15, 73, 3.56, 'nubes', '2024-02-08 13:15:20'),
(394, 42, 15, 71, 3.61, 'nubes', '2024-02-08 13:15:21'),
(395, 43, 18, 38, 4.91, 'lluvia ligera', '2024-02-08 13:15:21'),
(396, 44, 18, 38, 6.17, 'cielo claro', '2024-02-08 13:15:21'),
(397, 45, 16, 34, 3.78, 'nubes', '2024-02-08 13:15:21'),
(398, 46, 18, 40, 6.17, 'cielo claro', '2024-02-08 13:15:22'),
(399, 47, 17, 70, 3.69, 'nubes', '2024-02-08 13:15:22'),
(400, 48, 17, 73, 3.54, 'nubes', '2024-02-08 13:15:22'),
(401, 49, 17, 71, 3.66, 'nubes', '2024-02-08 13:15:23'),
(402, 50, 18, 40, 6.17, 'cielo claro', '2024-02-08 13:15:23'),
(403, 51, 17, 37, 3.79, 'nubes', '2024-02-08 13:15:23'),
(404, 52, 17, 72, 3.63, 'nubes', '2024-02-08 13:15:23'),
(405, 53, 16, 38, 3.89, 'nubes', '2024-02-08 13:15:23'),
(406, 54, 17, 38, 4.47, 'nubes', '2024-02-08 13:15:24'),
(407, 55, 17, 73, 3.56, 'nubes', '2024-02-08 13:15:24'),
(408, 56, 16, 70, 3.66, 'nubes', '2024-02-08 13:15:24'),
(409, 57, 16, 63, 3.89, 'nubes', '2024-02-08 13:15:25'),
(410, 58, 17, 71, 3.66, 'nubes', '2024-02-08 13:15:25'),
(411, 59, 15, 39, 13.89, 'nubes dispersas', '2024-02-08 13:15:25'),
(412, 60, 18, 39, 6.17, 'cielo claro', '2024-02-08 13:15:25'),
(413, 61, 17, 72, 3.59, 'nubes', '2024-02-08 13:15:26'),
(414, 62, 18, 51, 4.56, 'lluvia ligera', '2024-02-08 13:15:26'),
(415, 63, 17, 71, 3.62, 'nubes', '2024-02-08 13:15:26'),
(416, 64, 17, 52, 5.56, 'lluvia ligera', '2024-02-08 13:15:26'),
(417, 65, 17, 39, 6.17, 'cielo claro', '2024-02-08 13:15:27'),
(418, 66, 16, 73, 3.56, 'nubes', '2024-02-08 13:15:27'),
(419, 67, 17, 43, 4.37, 'nubes', '2024-02-08 13:15:27'),
(420, 68, 17, 72, 3.6, 'nubes', '2024-02-08 13:15:28'),
(421, 69, 15, 72, 3.61, 'nubes', '2024-02-08 13:15:28'),
(422, 70, 15, 72, 3.54, 'nubes', '2024-02-08 13:15:28'),
(423, 71, 18, 37, 4.47, 'nubes', '2024-02-08 13:15:28'),
(424, 72, 17, 71, 3.64, 'nubes', '2024-02-08 13:15:29'),
(425, 73, 17, 39, 6.17, 'cielo claro', '2024-02-08 13:15:29'),
(426, 74, 17, 73, 3.55, 'nubes', '2024-02-08 13:15:29'),
(427, 75, 17, 52, 4.54, 'nubes', '2024-02-08 13:15:30'),
(428, 76, 17, 70, 3.72, 'nubes', '2024-02-08 13:15:30'),
(429, 77, 17, 38, 4.47, 'nubes', '2024-02-08 13:15:30'),
(430, 78, 16, 64, 3.89, 'nubes', '2024-02-08 13:15:30'),
(431, 79, 18, 38, 4.47, 'nubes', '2024-02-08 13:15:30'),
(432, 80, 17, 37, 3.82, 'nubes', '2024-02-08 13:15:31'),
(433, 81, 17, 73, 3.54, 'nubes', '2024-02-08 13:15:31'),
(434, 82, 17, 37, 4.66, 'lluvia ligera', '2024-02-08 13:15:31'),
(435, 83, 16, 70, 3.58, 'nubes', '2024-02-08 13:15:32'),
(436, 84, 16, 71, 3.6, 'nubes', '2024-02-08 13:15:32'),
(437, 85, 17, 62, 4.31, 'nubes', '2024-02-08 13:15:32'),
(438, 86, 17, 37, 3.88, 'nubes', '2024-02-08 13:15:33'),
(439, 87, 18, 36, 4.89, 'nubes', '2024-02-08 13:15:33'),
(440, 88, 16, 64, 3.89, 'nubes', '2024-02-08 13:15:33'),
(441, 1, 16, 62, 4.36, 'nubes', '2024-02-08 13:30:08'),
(442, 2, 17, 36, 3.86, 'nubes', '2024-02-08 13:30:08'),
(443, 3, 16, 36, 4.12, 'nubes', '2024-02-08 13:30:09'),
(444, 4, 18, 36, 7.23, 'nubes', '2024-02-08 13:30:09'),
(445, 5, 16, 62, 4.36, 'nubes', '2024-02-08 13:30:09'),
(446, 6, 17, 62, 4.36, 'nubes', '2024-02-08 13:30:09'),
(447, 7, 16, 36, 3.86, 'nubes', '2024-02-08 13:30:10'),
(448, 8, 16, 72, 3.61, 'nubes', '2024-02-08 13:30:10'),
(449, 9, 17, 71, 3.63, 'nubes', '2024-02-08 13:30:10'),
(450, 10, 16, 62, 4.36, 'nubes', '2024-02-08 13:30:10'),
(451, 11, 18, 36, 3.85, 'nubes', '2024-02-08 13:30:11'),
(452, 12, 17, 36, 4.36, 'nubes', '2024-02-08 13:30:11'),
(453, 13, 17, 42, 5.28, 'nubes', '2024-02-08 13:30:11'),
(454, 14, 17, 72, 3.62, 'nubes', '2024-02-08 13:30:11'),
(455, 15, 17, 39, 6.46, 'nubes', '2024-02-08 13:30:12'),
(456, 16, 17, 48, 5.05, 'nubes', '2024-02-08 13:30:12'),
(457, 17, 17, 36, 4.36, 'nubes', '2024-02-08 13:30:12'),
(458, 18, 18, 39, 6.17, 'cielo claro', '2024-02-08 13:30:12'),
(459, 19, 16, 74, 3.48, 'nubes', '2024-02-08 13:30:13'),
(460, 20, 17, 60, 4.13, 'nubes', '2024-02-08 13:30:13'),
(461, 21, 17, 64, 4.1, 'nubes', '2024-02-08 13:30:13'),
(462, 22, 16, 62, 4.36, 'nubes', '2024-02-08 13:30:14'),
(463, 23, 17, 62, 4.36, 'nubes', '2024-02-08 13:30:14'),
(464, 24, 15, 68, 3.87, 'nubes', '2024-02-08 13:30:14'),
(465, 25, 17, 70, 3.68, 'nubes', '2024-02-08 13:30:14'),
(466, 26, 15, 65, 3.89, 'nubes', '2024-02-08 13:30:15'),
(467, 27, 17, 54, 4.45, 'nubes', '2024-02-08 13:30:15'),
(468, 28, 17, 36, 3.68, 'nubes', '2024-02-08 13:30:15'),
(469, 29, 15, 68, 3.83, 'nubes', '2024-02-08 13:30:15'),
(470, 30, 18, 55, 5.14, 'lluvia ligera', '2024-02-08 13:30:16'),
(471, 31, 18, 38, 6.17, 'cielo claro', '2024-02-08 13:30:16'),
(472, 32, 17, 46, 4.97, 'lluvia ligera', '2024-02-08 13:30:16'),
(473, 33, 16, 36, 3.63, 'nubes', '2024-02-08 13:30:17'),
(474, 34, 15, 42, 5.28, 'nubes', '2024-02-08 13:30:17'),
(475, 35, 18, 42, 5.28, 'lluvia ligera', '2024-02-08 13:30:17'),
(476, 36, 18, 39, 6.17, 'cielo claro', '2024-02-08 13:30:17'),
(477, 37, 16, 67, 3.93, 'nubes', '2024-02-08 13:30:18'),
(478, 38, 16, 39, 5.38, 'nubes', '2024-02-08 13:30:18'),
(479, 39, 16, 68, 3.76, 'nubes', '2024-02-08 13:30:18'),
(480, 40, 15, 69, 3.7, 'nubes', '2024-02-08 13:30:19'),
(481, 41, 15, 62, 4.36, 'nubes', '2024-02-08 13:30:19'),
(482, 42, 15, 62, 4.36, 'nubes', '2024-02-08 13:30:19'),
(483, 43, 18, 36, 4.91, 'lluvia ligera', '2024-02-08 13:30:19'),
(484, 44, 18, 38, 6.17, 'cielo claro', '2024-02-08 13:30:19'),
(485, 45, 16, 36, 3.78, 'nubes', '2024-02-08 13:30:20'),
(486, 46, 18, 41, 6.17, 'cielo claro', '2024-02-08 13:30:20'),
(487, 47, 17, 70, 3.69, 'nubes', '2024-02-08 13:30:20'),
(488, 48, 17, 62, 4.36, 'nubes', '2024-02-08 13:30:21'),
(489, 49, 17, 71, 3.66, 'nubes', '2024-02-08 13:30:21'),
(490, 50, 18, 41, 6.17, 'cielo claro', '2024-02-08 13:30:21'),
(491, 51, 17, 36, 4.36, 'nubes', '2024-02-08 13:30:21'),
(492, 52, 17, 72, 3.63, 'nubes', '2024-02-08 13:30:22'),
(493, 53, 16, 36, 3.89, 'nubes', '2024-02-08 13:30:22'),
(494, 54, 18, 36, 4.47, 'nubes', '2024-02-08 13:30:22'),
(495, 55, 17, 62, 4.36, 'nubes', '2024-02-08 13:30:22'),
(496, 56, 16, 70, 3.66, 'nubes', '2024-02-08 13:30:23'),
(497, 57, 15, 63, 3.89, 'nubes', '2024-02-08 13:30:23'),
(498, 58, 17, 71, 3.66, 'nubes', '2024-02-08 13:30:23'),
(499, 59, 16, 37, 13.89, 'nubes dispersas', '2024-02-08 13:30:24'),
(500, 60, 18, 39, 6.17, 'cielo claro', '2024-02-08 13:30:24'),
(501, 61, 17, 62, 4.36, 'nubes', '2024-02-08 13:30:24'),
(502, 62, 18, 51, 4.56, 'lluvia ligera', '2024-02-08 13:30:24'),
(503, 63, 16, 71, 3.62, 'nubes', '2024-02-08 13:30:25'),
(504, 64, 17, 49, 10.74, 'lluvia ligera', '2024-02-08 13:30:25'),
(505, 65, 17, 39, 6.17, 'cielo claro', '2024-02-08 13:30:25'),
(506, 66, 16, 62, 4.36, 'nubes', '2024-02-08 13:30:25'),
(507, 67, 17, 42, 5.28, 'nubes', '2024-02-08 13:30:26'),
(508, 68, 17, 72, 3.6, 'nubes', '2024-02-08 13:30:26'),
(509, 69, 16, 62, 4.36, 'nubes', '2024-02-08 13:30:26'),
(510, 70, 15, 62, 4.36, 'nubes', '2024-02-08 13:30:26'),
(511, 71, 18, 36, 4.47, 'nubes', '2024-02-08 13:30:27'),
(512, 72, 17, 42, 5.28, 'nubes', '2024-02-08 13:30:27'),
(513, 73, 18, 39, 6.17, 'cielo claro', '2024-02-08 13:30:27'),
(514, 74, 16, 73, 3.55, 'nubes', '2024-02-08 13:30:28'),
(515, 75, 17, 52, 4.54, 'nubes', '2024-02-08 13:30:28'),
(516, 76, 17, 62, 4.36, 'nubes', '2024-02-08 13:30:28'),
(517, 77, 18, 36, 4.47, 'nubes', '2024-02-08 13:30:28'),
(518, 78, 16, 64, 3.9, 'nubes', '2024-02-08 13:30:29'),
(519, 79, 18, 36, 4.47, 'nubes', '2024-02-08 13:30:29'),
(520, 80, 18, 36, 3.82, 'nubes', '2024-02-08 13:30:29'),
(521, 81, 17, 62, 4.36, 'nubes', '2024-02-08 13:30:30'),
(522, 82, 18, 36, 4.66, 'nubes', '2024-02-08 13:30:30'),
(523, 83, 16, 66, 3.97, 'nubes', '2024-02-08 13:30:30'),
(524, 84, 16, 67, 3.97, 'nubes', '2024-02-08 13:30:31'),
(525, 85, 17, 64, 4.83, 'nubes', '2024-02-08 13:30:31'),
(526, 86, 17, 36, 4.9, 'nubes', '2024-02-08 13:30:31'),
(527, 87, 18, 36, 5.3, 'lluvia ligera', '2024-02-08 13:30:32'),
(528, 88, 16, 64, 3.9, 'nubes', '2024-02-08 13:30:32'),
(529, 1, 16, 68, 4.19, 'nubes', '2024-02-08 13:45:08'),
(530, 2, 17, 65, 3.97, 'nubes', '2024-02-08 13:45:08'),
(531, 3, 16, 64, 4.44, 'nubes', '2024-02-08 13:45:09'),
(532, 4, 18, 63, 4.98, 'nubes', '2024-02-08 13:45:09'),
(533, 5, 16, 66, 4.29, 'nubes', '2024-02-08 13:45:09'),
(534, 6, 17, 67, 4.18, 'nubes', '2024-02-08 13:45:09'),
(535, 7, 16, 65, 4.22, 'nubes', '2024-02-08 13:45:10'),
(536, 8, 16, 67, 4.28, 'nubes', '2024-02-08 13:45:10'),
(537, 9, 17, 67, 4.14, 'nubes', '2024-02-08 13:45:10'),
(538, 10, 16, 68, 4.15, 'nubes', '2024-02-08 13:45:11'),
(539, 11, 18, 65, 3.82, 'nubes', '2024-02-08 13:45:11'),
(540, 12, 18, 66, 4.08, 'nubes', '2024-02-08 13:45:11'),
(541, 13, 16, 55, 5.26, 'nubes', '2024-02-08 13:45:11'),
(542, 14, 17, 66, 4.3, 'nubes', '2024-02-08 13:45:12'),
(543, 15, 17, 42, 6.46, 'nubes', '2024-02-08 13:45:12'),
(544, 16, 17, 45, 6.21, 'nubes', '2024-02-08 13:45:12'),
(545, 17, 17, 65, 4.17, 'nubes', '2024-02-08 13:45:13'),
(546, 18, 18, 42, 8.75, 'cielo claro', '2024-02-08 13:45:13'),
(547, 19, 17, 67, 4.24, 'nubes', '2024-02-08 13:45:13'),
(548, 20, 17, 59, 4.92, 'nubes', '2024-02-08 13:45:13'),
(549, 21, 17, 63, 4.83, 'nubes', '2024-02-08 13:45:14'),
(550, 22, 16, 67, 4.23, 'nubes', '2024-02-08 13:45:14'),
(551, 23, 17, 66, 4.33, 'nubes', '2024-02-08 13:45:14'),
(552, 24, 15, 65, 4.51, 'nubes', '2024-02-08 13:45:14'),
(553, 25, 17, 67, 4.03, 'nubes', '2024-02-08 13:45:15'),
(554, 26, 15, 67, 4.04, 'nubes', '2024-02-08 13:45:15'),
(555, 27, 17, 53, 5.44, 'nubes', '2024-02-08 13:45:15'),
(556, 28, 17, 67, 3.94, 'nubes', '2024-02-08 13:45:15'),
(557, 29, 15, 65, 4.38, 'nubes', '2024-02-08 13:45:16'),
(558, 30, 18, 55, 5.62, 'lluvia ligera', '2024-02-08 13:45:16'),
(559, 31, 18, 42, 8.75, 'cielo claro', '2024-02-08 13:45:16'),
(560, 32, 17, 46, 5.61, 'lluvia moderada', '2024-02-08 13:45:17'),
(561, 33, 16, 67, 3.87, 'nubes', '2024-02-08 13:45:17'),
(562, 34, 15, 46, 5.89, 'lluvia ligera', '2024-02-08 13:45:17'),
(563, 35, 18, 49, 5.26, 'lluvia ligera', '2024-02-08 13:45:17'),
(564, 36, 18, 42, 8.75, 'cielo claro', '2024-02-08 13:45:18'),
(565, 37, 16, 65, 4.46, 'nubes', '2024-02-08 13:45:18'),
(566, 38, 16, 42, 6.79, 'nubes', '2024-02-08 13:45:18'),
(567, 39, 16, 63, 4.64, 'nubes', '2024-02-08 13:45:18'),
(568, 40, 15, 64, 4.59, 'nubes', '2024-02-08 13:45:19'),
(569, 41, 15, 67, 4.23, 'nubes', '2024-02-08 13:45:19'),
(570, 42, 15, 67, 3.97, 'nubes', '2024-02-08 13:45:19'),
(571, 43, 18, 64, 5.3, 'lluvia ligera', '2024-02-08 13:45:20'),
(572, 44, 18, 42, 8.75, 'cielo claro', '2024-02-08 13:45:20'),
(573, 45, 16, 66, 4.13, 'nubes', '2024-02-08 13:45:20'),
(574, 46, 18, 42, 8.75, 'cielo claro', '2024-02-08 13:45:20'),
(575, 47, 17, 66, 4.07, 'nubes', '2024-02-08 13:45:21'),
(576, 48, 17, 66, 4.3, 'nubes', '2024-02-08 13:45:21'),
(577, 49, 17, 66, 4.24, 'nubes', '2024-02-08 13:45:21'),
(578, 50, 18, 42, 8.75, 'cielo claro', '2024-02-08 13:45:21'),
(579, 51, 17, 66, 4.06, 'nubes', '2024-02-08 13:45:22'),
(580, 52, 17, 66, 4.31, 'nubes', '2024-02-08 13:45:22'),
(581, 53, 16, 65, 4.2, 'nubes', '2024-02-08 13:45:22'),
(582, 54, 18, 65, 3.91, 'nubes', '2024-02-08 13:45:23'),
(583, 55, 17, 67, 4.29, 'nubes', '2024-02-08 13:45:23'),
(584, 56, 16, 67, 4.04, 'nubes', '2024-02-08 13:45:23'),
(585, 57, 15, 60, 4.95, 'nubes', '2024-02-08 13:45:23'),
(586, 58, 17, 66, 4.3, 'nubes', '2024-02-08 13:45:24'),
(587, 59, 15, 39, 14.4, 'muy nuboso', '2024-02-08 13:45:24'),
(588, 60, 18, 42, 8.75, 'cielo claro', '2024-02-08 13:45:24'),
(589, 61, 17, 67, 4.02, 'nubes', '2024-02-08 13:45:24'),
(590, 62, 18, 51, 5.12, 'lluvia ligera', '2024-02-08 13:45:25'),
(591, 63, 16, 65, 4.49, 'nubes', '2024-02-08 13:45:25'),
(592, 64, 18, 52, 5.95, 'lluvia moderada', '2024-02-08 13:45:25'),
(593, 65, 18, 42, 8.75, 'cielo claro', '2024-02-08 13:45:25'),
(594, 66, 16, 67, 4.3, 'nubes', '2024-02-08 13:45:26'),
(595, 67, 17, 45, 5.62, 'nubes', '2024-02-08 13:45:26'),
(596, 68, 17, 66, 4.31, 'nubes', '2024-02-08 13:45:26'),
(597, 69, 16, 67, 4.21, 'nubes', '2024-02-08 13:45:27'),
(598, 70, 15, 68, 3.98, 'nubes', '2024-02-08 13:45:27'),
(599, 71, 18, 64, 4.64, 'nubes', '2024-02-08 13:45:27'),
(600, 72, 17, 65, 4.43, 'nubes', '2024-02-08 13:45:27'),
(601, 73, 18, 42, 8.75, 'cielo claro', '2024-02-08 13:45:28'),
(602, 74, 17, 66, 4.34, 'nubes', '2024-02-08 13:45:28'),
(603, 75, 17, 51, 5.33, 'lluvia ligera', '2024-02-08 13:45:28'),
(604, 76, 17, 66, 4.09, 'nubes', '2024-02-08 13:45:28'),
(605, 77, 18, 65, 3.71, 'nubes', '2024-02-08 13:45:29'),
(606, 78, 16, 61, 4.85, 'nubes', '2024-02-08 13:45:29'),
(607, 79, 18, 65, 4.18, 'nubes', '2024-02-08 13:45:29'),
(608, 80, 18, 66, 4, 'nubes', '2024-02-08 13:45:29'),
(609, 81, 17, 67, 4.25, 'nubes', '2024-02-08 13:45:30'),
(610, 82, 18, 64, 4.99, 'lluvia ligera', '2024-02-08 13:45:30'),
(611, 83, 16, 64, 4.5, 'nubes', '2024-02-08 13:45:30'),
(612, 84, 16, 65, 4.48, 'nubes', '2024-02-08 13:45:31'),
(613, 85, 17, 62, 4.97, 'nubes', '2024-02-08 13:45:31'),
(614, 86, 17, 65, 4.08, 'nubes', '2024-02-08 13:45:31'),
(615, 87, 18, 63, 5.45, 'lluvia ligera', '2024-02-08 13:45:31'),
(616, 88, 16, 61, 4.85, 'nubes', '2024-02-08 13:45:32'),
(617, 1, 16, 68, 4.19, 'nubes', '2024-02-08 14:00:08'),
(618, 2, 17, 65, 3.97, 'nubes', '2024-02-08 14:00:08'),
(619, 3, 16, 64, 4.44, 'lluvia ligera', '2024-02-08 14:00:09'),
(620, 4, 18, 63, 4.98, 'lluvia moderada', '2024-02-08 14:00:09'),
(621, 5, 16, 66, 4.29, 'nubes', '2024-02-08 14:00:09'),
(622, 6, 17, 67, 4.18, 'nubes', '2024-02-08 14:00:09'),
(623, 7, 16, 65, 4.22, 'nubes', '2024-02-08 14:00:10'),
(624, 8, 16, 67, 4.28, 'nubes', '2024-02-08 14:00:10'),
(625, 9, 17, 67, 4.14, 'nubes', '2024-02-08 14:00:10'),
(626, 10, 16, 68, 4.15, 'nubes', '2024-02-08 14:00:10'),
(627, 11, 18, 65, 3.82, 'nubes', '2024-02-08 14:00:11'),
(628, 12, 18, 66, 4.08, 'nubes', '2024-02-08 14:00:11'),
(629, 13, 17, 55, 5.26, 'lluvia ligera', '2024-02-08 14:00:11'),
(630, 14, 17, 66, 4.3, 'nubes', '2024-02-08 14:00:12'),
(631, 15, 17, 40, 6.46, 'nubes', '2024-02-08 14:00:12'),
(632, 16, 17, 42, 6.21, 'nubes', '2024-02-08 14:00:12'),
(633, 17, 17, 65, 4.17, 'nubes', '2024-02-08 14:00:12'),
(634, 18, 18, 42, 8.75, 'cielo claro', '2024-02-08 14:00:13'),
(635, 19, 17, 67, 4.24, 'nubes', '2024-02-08 14:00:13'),
(636, 20, 17, 59, 4.92, 'lluvia ligera', '2024-02-08 14:00:13'),
(637, 21, 17, 63, 4.83, 'lluvia ligera', '2024-02-08 14:00:13'),
(638, 22, 16, 67, 4.23, 'nubes', '2024-02-08 14:00:14'),
(639, 23, 17, 66, 4.33, 'nubes', '2024-02-08 14:00:14'),
(640, 24, 15, 65, 4.51, 'nubes', '2024-02-08 14:00:14'),
(641, 25, 17, 67, 4.03, 'nubes', '2024-02-08 14:00:15'),
(642, 26, 15, 67, 4.04, 'nubes', '2024-02-08 14:00:15'),
(643, 27, 17, 53, 5.44, 'lluvia ligera', '2024-02-08 14:00:15'),
(644, 28, 17, 67, 3.94, 'nubes', '2024-02-08 14:00:15'),
(645, 29, 15, 65, 4.38, 'nubes', '2024-02-08 14:00:16'),
(646, 30, 18, 55, 5.62, 'lluvia moderada', '2024-02-08 14:00:16'),
(647, 31, 18, 42, 8.75, 'cielo claro', '2024-02-08 14:00:16'),
(648, 32, 17, 46, 5.61, 'lluvia moderada', '2024-02-08 14:00:16'),
(649, 33, 16, 67, 3.87, 'nubes', '2024-02-08 14:00:17'),
(650, 34, 15, 46, 5.89, 'lluvia ligera', '2024-02-08 14:00:17'),
(651, 35, 18, 49, 5.26, 'lluvia moderada', '2024-02-08 14:00:17'),
(652, 36, 18, 42, 8.75, 'cielo claro', '2024-02-08 14:00:18'),
(653, 37, 16, 65, 4.46, 'lluvia ligera', '2024-02-08 14:00:18'),
(654, 38, 16, 40, 6.79, 'nubes', '2024-02-08 14:00:18'),
(655, 39, 17, 63, 4.64, 'nubes', '2024-02-08 14:00:18'),
(656, 40, 16, 64, 4.59, 'nubes', '2024-02-08 14:00:19'),
(657, 41, 15, 67, 4.23, 'nubes', '2024-02-08 14:00:19'),
(658, 42, 15, 67, 3.97, 'nubes', '2024-02-08 14:00:19'),
(659, 43, 18, 64, 5.3, 'lluvia moderada', '2024-02-08 14:00:19'),
(660, 44, 18, 42, 8.75, 'cielo claro', '2024-02-08 14:00:20'),
(661, 45, 16, 66, 4.13, 'nubes', '2024-02-08 14:00:20'),
(662, 46, 18, 42, 8.75, 'cielo claro', '2024-02-08 14:00:20'),
(663, 47, 17, 66, 4.07, 'nubes', '2024-02-08 14:00:21'),
(664, 48, 17, 66, 4.3, 'nubes', '2024-02-08 14:00:21'),
(665, 49, 17, 66, 4.24, 'nubes', '2024-02-08 14:00:21'),
(666, 50, 18, 42, 8.75, 'cielo claro', '2024-02-08 14:00:21'),
(667, 51, 17, 66, 4.06, 'nubes', '2024-02-08 14:00:22'),
(668, 52, 17, 66, 4.31, 'nubes', '2024-02-08 14:00:22'),
(669, 53, 16, 65, 4.2, 'nubes', '2024-02-08 14:00:22'),
(670, 54, 18, 65, 3.91, 'nubes', '2024-02-08 14:00:22'),
(671, 55, 17, 67, 4.29, 'nubes', '2024-02-08 14:00:23'),
(672, 56, 16, 67, 4.04, 'nubes', '2024-02-08 14:00:23'),
(673, 57, 16, 60, 4.95, 'nubes', '2024-02-08 14:00:23'),
(674, 58, 17, 66, 4.3, 'nubes', '2024-02-08 14:00:24'),
(675, 59, 16, 38, 14.4, 'muy nuboso', '2024-02-08 14:00:24'),
(676, 60, 18, 42, 8.75, 'cielo claro', '2024-02-08 14:00:24'),
(677, 61, 17, 67, 4.02, 'nubes', '2024-02-08 14:00:24'),
(678, 62, 18, 51, 5.12, 'lluvia moderada', '2024-02-08 14:00:25'),
(679, 63, 17, 65, 4.49, 'nubes', '2024-02-08 14:00:25'),
(680, 64, 18, 52, 5.95, 'lluvia moderada', '2024-02-08 14:00:25'),
(681, 65, 18, 42, 8.75, 'cielo claro', '2024-02-08 14:00:25'),
(682, 66, 16, 67, 4.3, 'nubes', '2024-02-08 14:00:26'),
(683, 67, 17, 42, 5.62, 'nubes', '2024-02-08 14:00:26'),
(684, 68, 17, 66, 4.31, 'nubes', '2024-02-08 14:00:26'),
(685, 69, 16, 67, 4.21, 'nubes', '2024-02-08 14:00:26'),
(686, 70, 15, 68, 3.98, 'nubes', '2024-02-08 14:00:27'),
(687, 71, 18, 64, 4.64, 'lluvia ligera', '2024-02-08 14:00:27'),
(688, 72, 17, 65, 4.43, 'nubes', '2024-02-08 14:00:27'),
(689, 73, 18, 42, 8.75, 'cielo claro', '2024-02-08 14:00:28'),
(690, 74, 17, 66, 4.34, 'nubes', '2024-02-08 14:00:28'),
(691, 75, 17, 51, 5.33, 'lluvia moderada', '2024-02-08 14:00:28'),
(692, 76, 17, 66, 4.09, 'nubes', '2024-02-08 14:00:28'),
(693, 77, 18, 65, 3.71, 'nubes', '2024-02-08 14:00:29'),
(694, 78, 16, 61, 4.85, 'lluvia ligera', '2024-02-08 14:00:29'),
(695, 79, 18, 65, 4.18, 'lluvia ligera', '2024-02-08 14:00:29'),
(696, 80, 18, 66, 4, 'nubes', '2024-02-08 14:00:30'),
(697, 81, 17, 67, 4.25, 'nubes', '2024-02-08 14:00:30'),
(698, 82, 18, 64, 4.99, 'lluvia ligera', '2024-02-08 14:00:31'),
(699, 83, 16, 64, 4.5, 'nubes', '2024-02-08 14:00:31'),
(700, 84, 16, 65, 4.48, 'nubes', '2024-02-08 14:00:32'),
(701, 85, 18, 62, 4.97, 'lluvia moderada', '2024-02-08 14:00:32'),
(702, 86, 17, 65, 4.08, 'nubes', '2024-02-08 14:00:34'),
(703, 87, 18, 63, 5.45, 'lluvia moderada', '2024-02-08 14:00:34'),
(704, 88, 16, 61, 4.85, 'lluvia ligera', '2024-02-08 14:00:35'),
(705, 1, 16, 68, 4.19, 'nubes', '2024-02-08 14:15:09'),
(706, 2, 18, 65, 3.97, 'lluvia ligera', '2024-02-08 14:15:10'),
(707, 3, 17, 64, 4.44, 'lluvia ligera', '2024-02-08 14:15:10'),
(708, 4, 19, 63, 4.98, 'lluvia moderada', '2024-02-08 14:15:10'),
(709, 5, 17, 66, 4.29, 'nubes', '2024-02-08 14:15:10'),
(710, 6, 18, 67, 4.18, 'nubes', '2024-02-08 14:15:11'),
(711, 7, 17, 65, 4.22, 'lluvia ligera', '2024-02-08 14:15:11'),
(712, 8, 17, 67, 4.28, 'nubes', '2024-02-08 14:15:11'),
(713, 9, 18, 67, 4.14, 'nubes', '2024-02-08 14:15:11'),
(714, 10, 17, 68, 4.15, 'nubes', '2024-02-08 14:15:12'),
(715, 11, 19, 65, 3.82, 'lluvia ligera', '2024-02-08 14:15:12'),
(716, 12, 19, 66, 4.08, 'nubes', '2024-02-08 14:15:12'),
(717, 13, 17, 55, 5.26, 'lluvia ligera', '2024-02-08 14:15:13'),
(718, 14, 17, 66, 4.3, 'nubes', '2024-02-08 14:15:13'),
(719, 15, 17, 43, 6.46, 'nubes', '2024-02-08 14:15:13'),
(720, 16, 17, 43, 6.21, 'lluvia ligera', '2024-02-08 14:15:13'),
(721, 17, 18, 65, 4.17, 'lluvia ligera', '2024-02-08 14:15:14'),
(722, 18, 19, 39, 11.83, 'lluvia ligera', '2024-02-08 14:15:14'),
(723, 19, 17, 67, 4.24, 'nubes', '2024-02-08 14:15:14'),
(724, 20, 17, 59, 4.92, 'lluvia moderada', '2024-02-08 14:15:15'),
(725, 21, 17, 63, 4.83, 'lluvia moderada', '2024-02-08 14:15:15'),
(726, 22, 17, 67, 4.23, 'nubes', '2024-02-08 14:15:15'),
(727, 23, 17, 66, 4.33, 'nubes', '2024-02-08 14:15:15'),
(728, 24, 15, 65, 4.51, 'lluvia ligera', '2024-02-08 14:15:16'),
(729, 25, 18, 67, 4.03, 'nubes', '2024-02-08 14:15:16'),
(730, 26, 16, 67, 4.04, 'nubes', '2024-02-08 14:15:16'),
(731, 27, 17, 53, 5.44, 'lluvia ligera', '2024-02-08 14:15:17'),
(732, 28, 18, 67, 3.94, 'nubes', '2024-02-08 14:15:17'),
(733, 29, 16, 65, 4.38, 'lluvia ligera', '2024-02-08 14:15:17'),
(734, 30, 19, 55, 5.62, 'lluvia ligera', '2024-02-08 14:15:17'),
(735, 31, 19, 39, 11.83, 'lluvia ligera', '2024-02-08 14:15:18'),
(736, 32, 18, 46, 5.61, 'lluvia moderada', '2024-02-08 14:15:18'),
(737, 33, 17, 67, 3.87, 'nubes', '2024-02-08 14:15:18'),
(738, 34, 15, 46, 5.89, 'lluvia moderada', '2024-02-08 14:15:18'),
(739, 35, 18, 49, 5.26, 'lluvia moderada', '2024-02-08 14:15:19'),
(740, 36, 19, 39, 11.83, 'lluvia ligera', '2024-02-08 14:15:19'),
(741, 37, 17, 65, 4.46, 'lluvia ligera', '2024-02-08 14:15:19'),
(742, 38, 16, 43, 6.79, 'nubes', '2024-02-08 14:15:20'),
(743, 39, 17, 63, 4.64, 'nubes', '2024-02-08 14:15:20'),
(744, 40, 16, 64, 4.59, 'nubes', '2024-02-08 14:15:20'),
(745, 41, 16, 67, 4.23, 'nubes', '2024-02-08 14:15:20'),
(746, 42, 16, 67, 3.97, 'nubes', '2024-02-08 14:15:21'),
(747, 43, 19, 64, 5.3, 'lluvia ligera', '2024-02-08 14:15:21'),
(748, 44, 19, 39, 11.83, 'lluvia ligera', '2024-02-08 14:15:21'),
(749, 45, 17, 66, 4.13, 'lluvia ligera', '2024-02-08 14:15:21'),
(750, 46, 19, 39, 11.83, 'cielo claro', '2024-02-08 14:15:22'),
(751, 47, 18, 66, 4.07, 'nubes', '2024-02-08 14:15:22'),
(752, 48, 17, 66, 4.3, 'nubes', '2024-02-08 14:15:22'),
(753, 49, 18, 66, 4.24, 'nubes', '2024-02-08 14:15:23'),
(754, 50, 19, 39, 11.83, 'cielo claro', '2024-02-08 14:15:23'),
(755, 51, 18, 66, 4.06, 'nubes', '2024-02-08 14:15:23'),
(756, 52, 17, 66, 4.31, 'nubes', '2024-02-08 14:15:23'),
(757, 53, 17, 65, 4.2, 'lluvia ligera', '2024-02-08 14:15:24'),
(758, 54, 19, 65, 3.91, 'lluvia ligera', '2024-02-08 14:15:24'),
(759, 55, 17, 67, 4.29, 'nubes', '2024-02-08 14:15:24'),
(760, 56, 17, 67, 4.04, 'nubes', '2024-02-08 14:15:25'),
(761, 57, 16, 60, 4.95, 'nubes', '2024-02-08 14:15:25'),
(762, 58, 18, 66, 4.3, 'nubes', '2024-02-08 14:15:25'),
(763, 59, 16, 39, 12.86, 'muy nuboso', '2024-02-08 14:15:25'),
(764, 60, 19, 39, 11.83, 'lluvia ligera', '2024-02-08 14:15:26'),
(765, 61, 18, 67, 4.02, 'nubes', '2024-02-08 14:15:26'),
(766, 62, 18, 51, 5.12, 'lluvia ligera', '2024-02-08 14:15:26'),
(767, 63, 17, 65, 4.49, 'nubes', '2024-02-08 14:15:27'),
(768, 64, 18, 52, 5.95, 'lluvia ligera', '2024-02-08 14:15:27'),
(769, 65, 19, 39, 11.83, 'cielo claro', '2024-02-08 14:15:27'),
(770, 66, 16, 67, 4.3, 'nubes', '2024-02-08 14:15:27'),
(771, 67, 17, 43, 5.62, 'nubes', '2024-02-08 14:15:28'),
(772, 68, 17, 66, 4.31, 'nubes', '2024-02-08 14:15:28'),
(773, 69, 17, 67, 4.21, 'nubes', '2024-02-08 14:15:28'),
(774, 70, 16, 68, 3.98, 'nubes', '2024-02-08 14:15:29'),
(775, 71, 19, 64, 4.64, 'lluvia ligera', '2024-02-08 14:15:29'),
(776, 72, 17, 65, 4.43, 'nubes', '2024-02-08 14:15:29'),
(777, 73, 19, 39, 11.83, 'lluvia ligera', '2024-02-08 14:15:30'),
(778, 74, 17, 66, 4.34, 'nubes', '2024-02-08 14:15:30'),
(779, 75, 18, 51, 5.33, 'lluvia moderada', '2024-02-08 14:15:30'),
(780, 76, 18, 66, 4.09, 'nubes', '2024-02-08 14:15:30'),
(781, 77, 19, 65, 3.71, 'lluvia ligera', '2024-02-08 14:15:31'),
(782, 78, 16, 61, 4.85, 'lluvia ligera', '2024-02-08 14:15:31'),
(783, 79, 19, 65, 4.18, 'lluvia ligera', '2024-02-08 14:15:31'),
(784, 80, 19, 66, 4, 'lluvia ligera', '2024-02-08 14:15:32'),
(785, 81, 17, 67, 4.25, 'nubes', '2024-02-08 14:15:32'),
(786, 82, 19, 64, 4.99, 'lluvia ligera', '2024-02-08 14:15:32'),
(787, 83, 16, 64, 4.5, 'nubes', '2024-02-08 14:15:32'),
(788, 84, 16, 65, 4.48, 'nubes', '2024-02-08 14:15:33'),
(789, 85, 18, 62, 4.97, 'lluvia moderada', '2024-02-08 14:15:33'),
(790, 86, 18, 65, 4.08, 'lluvia ligera', '2024-02-08 14:15:33'),
(791, 87, 19, 63, 5.45, 'lluvia ligera', '2024-02-08 14:15:34'),
(792, 88, 16, 61, 4.85, 'lluvia ligera', '2024-02-08 14:15:34');

-- --------------------------------------------------------

--
-- Estructura de tabla para la tabla `migrations`
--

CREATE TABLE `migrations` (
  `id` int UNSIGNED NOT NULL,
  `migration` varchar(255) COLLATE utf8mb4_unicode_ci NOT NULL,
  `batch` int NOT NULL
) ENGINE=InnoDB DEFAULT CHARSET=utf8mb4 COLLATE=utf8mb4_unicode_ci;

--
-- Volcado de datos para la tabla `migrations`
--

INSERT INTO `migrations` (`id`, `migration`, `batch`) VALUES
(3, '2016_06_01_000001_create_oauth_auth_codes_table', 1),
(4, '2016_06_01_000002_create_oauth_access_tokens_table', 1),
(5, '2016_06_01_000003_create_oauth_refresh_tokens_table', 1),
(6, '2016_06_01_000004_create_oauth_clients_table', 1),
(7, '2016_06_01_000005_create_oauth_personal_access_clients_table', 1),
(16, '2014_10_12_000000_create_users_table', 2),
(17, '2014_10_12_100000_create_password_reset_tokens_table', 2),
(18, '2019_08_19_000000_create_failed_jobs_table', 2),
(19, '2019_12_14_000001_create_personal_access_tokens_table', 2),
(20, '2024_01_23_122440_create_ubicaciones_table', 2),
(21, '2024_01_23_122602_datos_tiempo_migration', 2),
(23, '2024_01_23_122717_create_historico_ubicaciones_table', 3);

-- --------------------------------------------------------

--
-- Estructura de tabla para la tabla `oauth_access_tokens`
--

CREATE TABLE `oauth_access_tokens` (
  `id` varchar(100) COLLATE utf8mb4_unicode_ci NOT NULL,
  `user_id` bigint UNSIGNED DEFAULT NULL,
  `client_id` char(36) COLLATE utf8mb4_unicode_ci NOT NULL,
  `name` varchar(255) COLLATE utf8mb4_unicode_ci DEFAULT NULL,
  `scopes` text COLLATE utf8mb4_unicode_ci,
  `revoked` tinyint(1) NOT NULL,
  `created_at` timestamp NULL DEFAULT NULL,
  `updated_at` timestamp NULL DEFAULT NULL,
  `expires_at` datetime DEFAULT NULL
) ENGINE=InnoDB DEFAULT CHARSET=utf8mb4 COLLATE=utf8mb4_unicode_ci;

--
-- Volcado de datos para la tabla `oauth_access_tokens`
--

INSERT INTO `oauth_access_tokens` (`id`, `user_id`, `client_id`, `name`, `scopes`, `revoked`, `created_at`, `updated_at`, `expires_at`) VALUES
('06e18c4a0e325d3807f9d210f3975d59c85c25fc395d0cbf15ce7bd009f7db86b4729dad5b68094d', 1, '9b1b10e1-6d1a-45cb-b6c2-8d3554551481', 'Personal Access Token', '[]', 1, '2024-01-30 10:42:16', '2024-01-31 11:58:27', '2024-02-06 10:42:17'),
('06f881d5dc79d8862509a820573ca54639e561649c6528215ceb34658a1fe5891d4862e4a420c683', 1, '9b3948f4-f4e7-4518-ac3e-a77206dbc164', 'Personal Access Token', '[]', 0, '2024-02-07 11:17:45', '2024-02-07 11:17:46', '2024-02-14 11:17:46'),
('0c503ddf29e5823aeca7145a8639881dd80d58226edb114a007e15e44e537a58a32b5502aa3967c0', 1, '9b3948f4-f4e7-4518-ac3e-a77206dbc164', 'Personal Access Token', '[]', 0, '2024-02-07 11:17:53', '2024-02-07 11:17:53', '2024-02-14 11:17:53'),
('2239fece527fb95d12fbe78eeeb59646a2076ba0ef076a08ba38a837a301b6f3b48eaef900aff676', 1, '9b1b10e1-6d1a-45cb-b6c2-8d3554551481', 'Personal Access Token', '[]', 1, '2024-01-22 09:07:41', '2024-01-22 09:07:46', '2024-01-29 09:07:41'),
('288b19a7ec7bd9fca3a55b84f18d8fffb4efeba5bd0dde55ad8be6063b29f35ba969264ed76eca0b', 1, '9b3948f4-f4e7-4518-ac3e-a77206dbc164', 'Personal Access Token', '[]', 0, '2024-02-07 11:18:30', '2024-02-07 11:18:31', '2024-02-14 11:18:31'),
('3717a2fb9154b645f2ce58aa1a5fd04da6635bd71439770a633628e09c43978ae497af875077c62c', 1, '9b1b10e1-6d1a-45cb-b6c2-8d3554551481', 'Personal Access Token', '[]', 1, '2024-01-22 09:08:17', '2024-01-22 09:08:23', '2024-01-29 09:08:17'),
('38679a26e52b5f9ae401b049ecae79ca4898a8a7169fa8b17c61dc752dd83b0f56ed17d26163ad36', 1, '9b1b10e1-6d1a-45cb-b6c2-8d3554551481', 'Personal Access Token', '[]', 1, '2024-01-22 09:08:55', '2024-01-22 12:02:39', '2024-01-29 09:08:56'),
('39ed69bb955f0165b3913df923404c1c07bcf3ef83bdfc5e9fabf6dbe591cf1ddc3286b4b35392b9', 1, '9b3948f4-f4e7-4518-ac3e-a77206dbc164', 'Personal Access Token', '[]', 0, '2024-02-07 11:17:21', '2024-02-07 11:17:22', '2024-02-14 11:17:22'),
('3bf27e0264aa709e88fc2e18b9d42704e99d53dc2dc70f278205d3b6a352365efcda23b7a5ec2ffd', 1, '9b1b10e1-6d1a-45cb-b6c2-8d3554551481', 'Personal Access Token', '[]', 1, '2024-01-19 13:25:42', '2024-01-19 13:26:11', '2024-01-26 13:25:42'),
('3eab9188ca047743225098b1bc3005936c8a49ad20906ca2558afc520bde09dc5eecaccf93bdba56', 1, '9b1b10e1-6d1a-45cb-b6c2-8d3554551481', 'Personal Access Token', '[]', 1, '2024-01-22 12:10:38', '2024-01-22 12:10:47', '2024-01-29 12:10:38'),
('42bf001afc9ee738205926885ba3977e63d9cb748433e6e0445706734ef71dd77c07c3f363fd3812', 1, '9b1b10e1-6d1a-45cb-b6c2-8d3554551481', 'Personal Access Token', '[]', 1, '2024-01-26 12:22:02', '2024-01-26 12:50:25', '2024-02-02 12:22:03'),
('43cc09b341dbc7a9aad52f95198a860dfe7c09aa9eb2142a9fead88aaff6a693f04eec22ba21d02c', 2, '9b3948f4-f4e7-4518-ac3e-a77206dbc164', 'Personal Access Token', '[]', 0, '2024-01-31 12:38:52', '2024-01-31 12:38:52', '2024-02-07 12:38:52'),
('4da09e1bf0d115ac7526c3ea0ed683e23faa128ac94a04329824fbb9d8070f271091269341011953', 1, '9b3948f4-f4e7-4518-ac3e-a77206dbc164', 'Personal Access Token', '[]', 0, '2024-02-07 11:17:59', '2024-02-07 11:17:59', '2024-02-14 11:17:59'),
('4dfffc1234b387953c48dfaccc38753372d0a7be559a94cbfd3b9f37f135adf134653cd5689d70eb', 1, '9b1b10e1-6d1a-45cb-b6c2-8d3554551481', 'Personal Access Token', '[]', 1, '2024-01-24 09:57:50', '2024-01-24 09:58:07', '2024-01-31 09:57:51'),
('50ce9599e3930c2ab558a482d64ea879ab91665585dddb793f5a00cb71b8a2a50bd28eddda271d8c', 1, '9b3948f4-f4e7-4518-ac3e-a77206dbc164', 'Personal Access Token', '[]', 0, '2024-02-07 11:18:04', '2024-02-07 11:18:04', '2024-02-14 11:18:04'),
('54da2d86b3788962ab56c672030111463dc6d5059e686825b395f73097761c0da42a6653a980b2b6', 1, '9b3948f4-f4e7-4518-ac3e-a77206dbc164', 'Personal Access Token', '[]', 0, '2024-02-07 11:18:28', '2024-02-07 11:18:28', '2024-02-14 11:18:28'),
('55cfa7a4b94ccf41168d264a82e1a932eddea574144dcd753e426fa67a104be0a9b8267ce3f3043f', 1, '9b3948f4-f4e7-4518-ac3e-a77206dbc164', 'Personal Access Token', '[]', 0, '2024-02-07 11:17:42', '2024-02-07 11:17:42', '2024-02-14 11:17:42'),
('55fefd5a1ecca1776ca2832b4f6956c85b723ede609408b5a68113b0de5c2f481c1a87357c245888', 1, '9b3948f4-f4e7-4518-ac3e-a77206dbc164', 'Personal Access Token', '[]', 0, '2024-02-07 11:17:35', '2024-02-07 11:17:35', '2024-02-14 11:17:35'),
('5f69d65b513d8a6f5374f82f7a4c6fd67026cd484d08db6f286f7fbdba9e43b951858b10d9e86a1a', 1, '9b3948f4-f4e7-4518-ac3e-a77206dbc164', 'Personal Access Token', '[]', 0, '2024-02-07 11:17:33', '2024-02-07 11:17:33', '2024-02-14 11:17:33'),
('62b1beab87bc5e8a5f92e71177f46c05bf25ba79401ae7600a7a6addb07fde390076bd07d35651ce', 1, '9b1b10e1-6d1a-45cb-b6c2-8d3554551481', 'Personal Access Token', '[]', 1, '2024-01-19 13:22:50', '2024-01-19 13:22:55', '2024-01-26 13:22:50'),
('71571c4e0aa8e5084ca402a49c91f098eb3158eb1d26b6ae0c3c8c6f893d31920ac1d613a65ecaa1', 1, '9b3948f4-f4e7-4518-ac3e-a77206dbc164', 'Personal Access Token', '[]', 0, '2024-02-07 11:17:29', '2024-02-07 11:17:30', '2024-02-14 11:17:30'),
('7a0e23c9e91630dffa1ebfd0ba46313fbfc343042877b850e886b0f0ee4adc041af2bab5f2e4af4e', 1, '9b3948f4-f4e7-4518-ac3e-a77206dbc164', 'Personal Access Token', '[]', 0, '2024-02-07 11:17:57', '2024-02-07 11:17:57', '2024-02-14 11:17:57'),
('7c7d3316250e74bcaca5393b6a71fffe8077ea8c24401b005fbde8841d64d298578cd7f050528ff9', 1, '9b1b10e1-6d1a-45cb-b6c2-8d3554551481', 'Personal Access Token', '[]', 1, '2024-01-22 09:07:21', '2024-01-22 09:07:32', '2024-01-29 09:07:22'),
('7ebaf3878e3d4893cb4e09168cb56d3a443943a039cc589b07c6c78ecf3306ab668eae9ba815486e', 1, '9b3948f4-f4e7-4518-ac3e-a77206dbc164', 'Personal Access Token', '[]', 0, '2024-02-07 11:18:26', '2024-02-07 11:18:26', '2024-02-14 11:18:26'),
('7eda85ec45f7e5ca467311d49a00a952563e1757e56e03abec6e5e557ed5b24fa1fd3d37d512cbf1', 1, '9b1b10e1-6d1a-45cb-b6c2-8d3554551481', 'Personal Access Token', '[]', 1, '2024-01-19 13:24:08', '2024-01-19 13:24:15', '2024-01-26 13:24:08'),
('88f5617511e5ca86ba17a9fbc6bdac68f16f37fe7c50c399db617229f8b4367023f1970d03ad5b1d', 1, '9b3948f4-f4e7-4518-ac3e-a77206dbc164', 'Personal Access Token', '[]', 0, '2024-02-07 11:18:24', '2024-02-07 11:18:24', '2024-02-14 11:18:24'),
('904f0435bb03bfc88fddd1bb266fa6b30e6404d49dd1f4679ff9fb17d15b9aa734484d159f7265a5', 1, '9b3948f4-f4e7-4518-ac3e-a77206dbc164', 'Personal Access Token', '[]', 0, '2024-02-07 11:18:10', '2024-02-07 11:18:10', '2024-02-14 11:18:10'),
('9895a54f4533b1440ed793c5ab0cbcaf5f313f34460351d9e61a8987ed6fce37c0fce2b813525615', 1, '9b3948f4-f4e7-4518-ac3e-a77206dbc164', 'Personal Access Token', '[]', 0, '2024-02-07 11:18:33', '2024-02-07 11:18:33', '2024-02-14 11:18:33'),
('9c6ad35111f1f88191bee54e6cc497fb6269a9009dc85ef00118ed92237d4da0aab33598fb1735ff', 1, '9b1b10e1-6d1a-45cb-b6c2-8d3554551481', 'Personal Access Token', '[]', 1, '2024-01-19 13:19:16', '2024-01-19 13:19:24', '2024-01-26 13:19:16'),
('9dd20bc762d45e441aa5f1c47fc6a566f0fb51d5c5325c6c197f5b9849b5f880e5c641f80c1b0bb2', 1, '9b1b10e1-6d1a-45cb-b6c2-8d3554551481', 'Personal Access Token', '[]', 1, '2024-01-19 13:23:33', '2024-01-19 13:23:40', '2024-01-26 13:23:34'),
('a4b409137867290f1ba436970d1673e3b37c06d8f2530ea60a483e75ffbb08e98f8d2c188fcc5bfb', 1, '9b1b10e1-6d1a-45cb-b6c2-8d3554551481', 'Personal Access Token', '[]', 1, '2024-01-19 13:22:01', '2024-01-19 13:22:08', '2024-01-26 13:22:01'),
('abcadf31f7ead188e73bc322d1a64693203c6201415e027156529399e5df39ed2f5b7895508472fc', 1, '9b1b10e1-6d1a-45cb-b6c2-8d3554551481', 'Personal Access Token', '[]', 1, '2024-01-19 13:23:51', '2024-01-19 13:23:58', '2024-01-26 13:23:51'),
('aef0dd302ae3576051e3aabe972ebe115711ca37b1694ae669f055a06804ded80848fdda57a4fa16', 1, '9b1b10e1-6d1a-45cb-b6c2-8d3554551481', 'Personal Access Token', '[]', 1, '2024-01-25 08:33:53', '2024-01-25 08:34:02', '2024-02-01 08:33:54'),
('b1aaf0183c2fcd73c474f72c9abc9602cee06fd2cd9567cb724c848fdf09f001320ce7c286e1b007', 1, '9b1b10e1-6d1a-45cb-b6c2-8d3554551481', 'Personal Access Token', '[]', 1, '2024-01-19 13:15:41', '2024-01-19 13:17:12', '2024-01-26 13:15:41'),
('b1f18a54610eb0f660c3f0cf61dddbef61e83d9737a497dc2bf8bb79d2c8f371186edd3903d7de2b', 1, '9b1b10e1-6d1a-45cb-b6c2-8d3554551481', 'Personal Access Token', '[]', 1, '2024-01-24 09:58:25', '2024-01-24 11:18:45', '2024-01-31 09:58:25'),
('b69cd55e45471c8fe900d0a25d8c0ecb15a7002929448110353628976b915f7f8518baacdbc2e807', 1, '9b3948f4-f4e7-4518-ac3e-a77206dbc164', 'Personal Access Token', '[]', 0, '2024-02-07 11:17:38', '2024-02-07 11:17:38', '2024-02-14 11:17:38'),
('bfc3981f0a0046a5752ec83376d91dbaf203490ee7953834e79f601dd7e88bef8a37acede3fd9335', 2, '9b3948f4-f4e7-4518-ac3e-a77206dbc164', 'Personal Access Token', '[]', 1, '2024-02-08 09:34:38', '2024-02-08 09:35:40', '2024-02-15 09:34:38'),
('c4487324e136860b56661eb029c67c4c482cf1fdb65dd8ed68a6ba24ce1e80b14ef4029fd802f8fa', 1, '9b3948f4-f4e7-4518-ac3e-a77206dbc164', 'Personal Access Token', '[]', 0, '2024-02-07 11:18:20', '2024-02-07 11:18:20', '2024-02-14 11:18:20'),
('c50dcd514713d520285d2bae2fef48018c175ec0dece33095a7db41ef19d9203bd20d0659f99680a', 2, '9b1b10e1-6d1a-45cb-b6c2-8d3554551481', 'Personal Access Token', '[]', 0, '2024-01-31 11:58:47', '2024-01-31 11:58:48', '2024-02-07 11:58:48'),
('de7ac9dd3ecfb4e33a3e281d54ea057e766d181c6cdb8851b2cfe9f379ab5a684b99db605ea986d2', 1, '9b3948f4-f4e7-4518-ac3e-a77206dbc164', 'Personal Access Token', '[]', 0, '2024-02-07 11:18:01', '2024-02-07 11:18:01', '2024-02-14 11:18:01'),
('dfddeb16e06f6e22d3b5897758dbc0b5c7003558f3602168f4ad8a4d4b85cb111657ed3fed04f22e', 1, '9b1b10e1-6d1a-45cb-b6c2-8d3554551481', 'Personal Access Token', '[]', 0, '2024-01-24 09:58:21', '2024-01-24 09:58:21', '2024-01-31 09:58:21'),
('ea214516f52f44b58c739d9043344a81cb3de3c24d0bcc4d42a389e2a4222589c4382cd192a410e8', 1, '9b3948f4-f4e7-4518-ac3e-a77206dbc164', 'Personal Access Token', '[]', 0, '2024-02-07 11:18:06', '2024-02-07 11:18:06', '2024-02-14 11:18:06'),
('eb6637089964dd68c00f5e85b1b9f7d9d1a84a3ee3497f2e27312145692b6dc4bf9a654bc32adc62', 1, '9b1b10e1-6d1a-45cb-b6c2-8d3554551481', 'Personal Access Token', '[]', 1, '2024-01-22 12:04:55', '2024-01-22 12:05:43', '2024-01-29 12:04:55'),
('ef5ef29a37c3b2516492481cb20f2ebb2347dc116990b37922c6f3c45599c53770f74bcd87b74875', 1, '9b3948f4-f4e7-4518-ac3e-a77206dbc164', 'Personal Access Token', '[]', 0, '2024-02-07 11:17:40', '2024-02-07 11:17:40', '2024-02-14 11:17:40'),
('f65a21e0f46f9753c7fa5dee0bd043ff841b1b162f5da46b2021b6c6b0f434144c68e903a7afe4be', 1, '9b1b10e1-6d1a-45cb-b6c2-8d3554551481', 'Personal Access Token', '[]', 1, '2024-01-19 13:18:52', '2024-01-19 13:19:06', '2024-01-26 13:18:52'),
('fe90a4bdfada42a3e435a964755bc648d670735ccda65a432d2633317f59828d0718af105b73e1d4', 1, '9b1b10e1-6d1a-45cb-b6c2-8d3554551481', 'Personal Access Token', '[]', 1, '2024-01-19 13:26:17', '2024-01-19 13:26:23', '2024-01-26 13:26:17');

-- --------------------------------------------------------

--
-- Estructura de tabla para la tabla `oauth_auth_codes`
--

CREATE TABLE `oauth_auth_codes` (
  `id` varchar(100) COLLATE utf8mb4_unicode_ci NOT NULL,
  `user_id` bigint UNSIGNED NOT NULL,
  `client_id` char(36) COLLATE utf8mb4_unicode_ci NOT NULL,
  `scopes` text COLLATE utf8mb4_unicode_ci,
  `revoked` tinyint(1) NOT NULL,
  `expires_at` datetime DEFAULT NULL
) ENGINE=InnoDB DEFAULT CHARSET=utf8mb4 COLLATE=utf8mb4_unicode_ci;

-- --------------------------------------------------------

--
-- Estructura de tabla para la tabla `oauth_clients`
--

CREATE TABLE `oauth_clients` (
  `id` char(36) COLLATE utf8mb4_unicode_ci NOT NULL,
  `user_id` bigint UNSIGNED DEFAULT NULL,
  `name` varchar(255) COLLATE utf8mb4_unicode_ci NOT NULL,
  `secret` varchar(100) COLLATE utf8mb4_unicode_ci DEFAULT NULL,
  `provider` varchar(255) COLLATE utf8mb4_unicode_ci DEFAULT NULL,
  `redirect` text COLLATE utf8mb4_unicode_ci NOT NULL,
  `personal_access_client` tinyint(1) NOT NULL,
  `password_client` tinyint(1) NOT NULL,
  `revoked` tinyint(1) NOT NULL,
  `created_at` timestamp NULL DEFAULT NULL,
  `updated_at` timestamp NULL DEFAULT NULL
) ENGINE=InnoDB DEFAULT CHARSET=utf8mb4 COLLATE=utf8mb4_unicode_ci;

--
-- Volcado de datos para la tabla `oauth_clients`
--

INSERT INTO `oauth_clients` (`id`, `user_id`, `name`, `secret`, `provider`, `redirect`, `personal_access_client`, `password_client`, `revoked`, `created_at`, `updated_at`) VALUES
('9b191207-3652-4cf8-a2bb-1416bcec8e2d', NULL, 'Laravel Personal Access Client', '0E1Mwfp3urZ6RZwVQNDFsbnHd9mVoEpZgDnRUzAh', NULL, 'http://localhost', 1, 0, 0, '2024-01-15 11:56:29', '2024-01-15 11:56:29'),
('9b191207-e87c-4323-afd5-c27a73d329bd', NULL, 'Laravel Password Grant Client', 'PaijAtXGqthZ5V0xgAMKKGS9AhQ71uTS8iENmWAx', 'users', 'http://localhost', 0, 1, 0, '2024-01-15 11:56:29', '2024-01-15 11:56:29'),
('9b1b10e1-6d1a-45cb-b6c2-8d3554551481', NULL, 'Laravel Personal Access Client', 'ZjTDRHp26qHDAoDkO3NV68kAoIrgwJuJyLAngrcY', NULL, 'http://localhost', 1, 0, 0, '2024-01-16 11:44:56', '2024-01-16 11:44:56'),
('9b1b10e2-30e0-4977-9208-3805d114271e', NULL, 'Laravel Password Grant Client', 'IegyKrcTxQ430PUbmkLSWkxWzX8oTvrerCw4zj0E', 'users', 'http://localhost', 0, 1, 0, '2024-01-16 11:44:56', '2024-01-16 11:44:56'),
('9b3948f4-f4e7-4518-ac3e-a77206dbc164', NULL, 'Laravel Personal Access Client', 'CecDawtY0W7hGsWttKhiq0E05ZdetTrFEcJTNsJW', NULL, 'http://localhost', 1, 0, 0, '2024-01-31 12:16:34', '2024-01-31 12:16:34'),
('9b3948f5-bf0a-4c99-9fc8-42c435bb4918', NULL, 'Laravel Password Grant Client', 'dVZD3eRRcXZnISQLKwhJi3FBK4clLeP4Ve9b8sFL', 'users', 'http://localhost', 0, 1, 0, '2024-01-31 12:16:35', '2024-01-31 12:16:35');

-- --------------------------------------------------------

--
-- Estructura de tabla para la tabla `oauth_personal_access_clients`
--

CREATE TABLE `oauth_personal_access_clients` (
  `id` bigint UNSIGNED NOT NULL,
  `client_id` char(36) COLLATE utf8mb4_unicode_ci NOT NULL,
  `created_at` timestamp NULL DEFAULT NULL,
  `updated_at` timestamp NULL DEFAULT NULL
) ENGINE=InnoDB DEFAULT CHARSET=utf8mb4 COLLATE=utf8mb4_unicode_ci;

--
-- Volcado de datos para la tabla `oauth_personal_access_clients`
--

INSERT INTO `oauth_personal_access_clients` (`id`, `client_id`, `created_at`, `updated_at`) VALUES
(1, '9b191207-3652-4cf8-a2bb-1416bcec8e2d', '2024-01-15 11:56:29', '2024-01-15 11:56:29'),
(2, '9b1b10e1-6d1a-45cb-b6c2-8d3554551481', '2024-01-16 11:44:56', '2024-01-16 11:44:56'),
(3, '9b3948f4-f4e7-4518-ac3e-a77206dbc164', '2024-01-31 12:16:35', '2024-01-31 12:16:35');

-- --------------------------------------------------------

--
-- Estructura de tabla para la tabla `oauth_refresh_tokens`
--

CREATE TABLE `oauth_refresh_tokens` (
  `id` varchar(100) COLLATE utf8mb4_unicode_ci NOT NULL,
  `access_token_id` varchar(100) COLLATE utf8mb4_unicode_ci NOT NULL,
  `revoked` tinyint(1) NOT NULL,
  `expires_at` datetime DEFAULT NULL
) ENGINE=InnoDB DEFAULT CHARSET=utf8mb4 COLLATE=utf8mb4_unicode_ci;

-- --------------------------------------------------------

--
-- Estructura de tabla para la tabla `password_reset_tokens`
--

CREATE TABLE `password_reset_tokens` (
  `email` varchar(255) COLLATE utf8mb4_unicode_ci NOT NULL,
  `token` varchar(255) COLLATE utf8mb4_unicode_ci NOT NULL,
  `created_at` timestamp NULL DEFAULT NULL
) ENGINE=InnoDB DEFAULT CHARSET=utf8mb4 COLLATE=utf8mb4_unicode_ci;

-- --------------------------------------------------------

--
-- Estructura de tabla para la tabla `personal_access_tokens`
--

CREATE TABLE `personal_access_tokens` (
  `id` bigint UNSIGNED NOT NULL,
  `tokenable_type` varchar(255) COLLATE utf8mb4_unicode_ci NOT NULL,
  `tokenable_id` bigint UNSIGNED NOT NULL,
  `name` varchar(255) COLLATE utf8mb4_unicode_ci NOT NULL,
  `token` varchar(64) COLLATE utf8mb4_unicode_ci NOT NULL,
  `abilities` text COLLATE utf8mb4_unicode_ci,
  `last_used_at` timestamp NULL DEFAULT NULL,
  `expires_at` timestamp NULL DEFAULT NULL,
  `created_at` timestamp NULL DEFAULT NULL,
  `updated_at` timestamp NULL DEFAULT NULL
) ENGINE=InnoDB DEFAULT CHARSET=utf8mb4 COLLATE=utf8mb4_unicode_ci;

-- --------------------------------------------------------

--
-- Estructura de tabla para la tabla `ubicaciones`
--

CREATE TABLE `ubicaciones` (
  `id` bigint UNSIGNED NOT NULL,
  `nombre` varchar(255) COLLATE utf8mb4_unicode_ci NOT NULL,
  `latitud` double NOT NULL,
  `longitud` double NOT NULL
) ENGINE=InnoDB DEFAULT CHARSET=utf8mb4 COLLATE=utf8mb4_unicode_ci;

--
-- Volcado de datos para la tabla `ubicaciones`
--

INSERT INTO `ubicaciones` (`id`, `nombre`, `latitud`, `longitud`) VALUES
(1, 'Abaltzisketa', 43.04671843, -2.1056243),
(2, 'Aduna', 43.20340038, -2.04978935),
(3, 'Aia', 43.23615037, -2.14903622),
(4, 'Aizarnazabal', 43.2556775, -2.23623444),
(5, 'Albiztur', 43.1293542, -2.13699819),
(6, 'Alegia', 43.10024762, -2.09931411),
(7, 'Alkiza', 43.17280969, -2.10870335),
(8, 'Altzaga', 43.0642468, -2.15349925),
(9, 'Altzo', 43.09922008, -2.08335458),
(10, 'Amezketa', 43.04428733, -2.08294675),
(11, 'Andoain', 43.21980681, -2.01998488),
(12, 'Anoeta', 43.16125092, -2.07074006),
(13, 'Antzuola', 43.09807343, -2.38135844),
(14, 'Arama', 43.06338109, -2.16555897),
(15, 'Aretxabaleta', 43.03338141, -2.50292256),
(16, 'Arrasate/Mondragón', 43.0652967, -2.49099614),
(17, 'Asteasu', 43.19719792, -2.09542437),
(18, 'Astigarraga', 43.28148367, -1.94874465),
(19, 'Ataun', 43.00673574, -2.17737085),
(20, 'Azkoitia', 43.17827102, -2.31225807),
(21, 'Azpeitia', 43.18563287, -2.26541334),
(22, 'Baliarrain', 43.06940384, -2.128016),
(23, 'Beasain', 43.04874902, -2.19706732),
(24, 'Beizama', 43.13432619, -2.20147851),
(25, 'Belauntza', 43.13497356, -2.05085187),
(26, 'Berastegi', 43.12354933, -1.97911502),
(27, 'Bergara', 43.11714838, -2.41251041),
(28, 'Berrobi', 43.14557596, -2.0267077),
(29, 'Bidania-Goiatz', 43.13942824, -2.15960434),
(30, 'Deba', 43.29467572, -2.35409242),
(31, 'Donostia', 43.31717158, -1.98191785),
(32, 'Eibar', 43.18542077, -2.47092183),
(33, 'Elduain', 43.14040117, -2.00096769),
(34, 'Elgeta', 43.13731983, -2.48732293),
(35, 'Elgoibar', 43.21397052, -2.41650379),
(36, 'Errenteria', 43.3142023, -1.90440508),
(37, 'Errezil', 43.16474686, -2.17401811),
(38, 'Eskoriatza', 43.01682946, -2.52821422),
(39, 'Ezkio-Itsaso', 43.06912307, -2.28154897),
(40, 'Gabiria', 43.04975224, -2.27993401),
(41, 'Gaintza', 43.05278402, -2.13316365),
(42, 'Gaztelu', 43.11627776, -2.02287108),
(43, 'Getaria', 43.30452872, -2.2035651),
(44, 'Hernani', 43.26534468, -1.97612931),
(45, 'Hernialde', 43.15506268, -2.08497826),
(46, 'Hondarribia', 43.36303309, -1.79122175),
(47, 'Ibarra', 43.13191375, -2.06196444),
(48, 'Idiazabal', 43.0120808, -2.23374578),
(49, 'Ikaztegieta', 43.09504134, -2.12457964),
(50, 'Irun', 43.34003194, -1.78736072),
(51, 'Irura', 43.16752334, -2.06695424),
(52, 'Itsasondo', 43.06834226, -2.16671971),
(53, 'Larraul', 43.18788665, -2.10220743),
(54, 'Lasarte-Oria', 43.26121128, -2.01808787),
(55, 'Lazkao', 43.03517425, -2.1875471),
(56, 'Leaburu', 43.12462708, -2.05193418),
(57, 'Legazpi', 43.05367849, -2.33330298),
(58, 'Legorreta', 43.0826628, -2.15485444),
(59, 'Leintz-Gatzaga', 42.98682127, -2.56830927),
(60, 'Lezo', 43.32064032, -1.89972629),
(61, 'Lizartza', 43.10332191, -2.03475196),
(62, 'Mendaro', 43.25116292, -2.38288684),
(63, 'Mutiloa', 43.02224238, -2.27289275),
(64, 'Mutriku', 43.30746845, -2.38786537),
(65, 'Oiartzun', 43.29982008, -1.86089842),
(66, 'Olaberria', 43.02718641, -2.20409984),
(67, 'Oñati', 43.03296225, -2.4145444),
(68, 'Ordizia', 43.05312883, -2.17981927),
(69, 'Orendain', 43.07919453, -2.11313581),
(70, 'Orexa', 43.09411875, -2.01155121),
(71, 'Orio', 43.27641833, -2.12752351),
(72, 'Ormaiztegi', 43.04283345, -2.25423319),
(73, 'Pasaia', 43.32495257, -1.91753163),
(74, 'Segura', 43.00861318, -2.25403501),
(75, 'Soraluze-Placencia de las Armas', 43.17432947, -2.41257608),
(76, 'Tolosa', 43.13829669, -2.07170336),
(77, 'Urnieta', 43.24800486, -1.99058553),
(78, 'Urretxu', 43.0891329, -2.3138734),
(79, 'Usurbil', 43.27013092, -2.05059814),
(80, 'Villabona', 43.18722478, -2.05373256),
(81, 'Zaldibia', 43.03806127, -2.15117169),
(82, 'Zarautz', 43.2863354, -2.17760995),
(83, 'Zegama', 42.97642809, -2.29060387),
(84, 'Zerain', 43.01279563, -2.27423165),
(85, 'Zestoa', 43.24006707, -2.2585999),
(86, 'Zizurkil', 43.19954612, -2.0738501),
(87, 'Zumaia', 43.2972336, -2.25667184),
(88, 'Zumarraga', 43.09363875, -2.31443731);

-- --------------------------------------------------------

--
-- Estructura de tabla para la tabla `users`
--

CREATE TABLE `users` (
  `id` bigint UNSIGNED NOT NULL,
  `name` varchar(255) COLLATE utf8mb4_unicode_ci NOT NULL,
  `email` varchar(255) COLLATE utf8mb4_unicode_ci NOT NULL,
  `email_verified_at` timestamp NULL DEFAULT NULL,
  `password` varchar(255) COLLATE utf8mb4_unicode_ci NOT NULL,
  `remember_token` varchar(100) COLLATE utf8mb4_unicode_ci DEFAULT NULL,
  `created_at` timestamp NULL DEFAULT NULL,
  `updated_at` timestamp NULL DEFAULT NULL
) ENGINE=InnoDB DEFAULT CHARSET=utf8mb4 COLLATE=utf8mb4_unicode_ci;

--
-- Volcado de datos para la tabla `users`
--

INSERT INTO `users` (`id`, `name`, `email`, `email_verified_at`, `password`, `remember_token`, `created_at`, `updated_at`) VALUES
(1, 'Julen', 'Julen@gmail.com', NULL, '$2y$12$7iarKyKay6PTE.3MwkEsbeMtj8LObWX.CSv.P5wbD8JnoN5KcWlMq', NULL, '2024-01-24 09:57:44', '2024-01-24 09:57:44'),
(2, 'Termi', 'Terminino@gmail.com', NULL, '$2y$12$tbHmLfD6jg93nR.InU4QVeorfQGdHx11wCk7R0BmDh4XePjVm.Xw6', NULL, '2024-01-31 11:58:42', '2024-01-31 11:58:42');

--
-- Índices para tablas volcadas
--

--
-- Indices de la tabla `datos_tiempo`
--
ALTER TABLE `datos_tiempo`
  ADD PRIMARY KEY (`id`),
  ADD KEY `datos_tiempo_id_ubicacion_foreign` (`id_ubicacion`);

--
-- Indices de la tabla `failed_jobs`
--
ALTER TABLE `failed_jobs`
  ADD PRIMARY KEY (`id`),
  ADD UNIQUE KEY `failed_jobs_uuid_unique` (`uuid`);

--
-- Indices de la tabla `historico_ubicaciones`
--
ALTER TABLE `historico_ubicaciones`
  ADD PRIMARY KEY (`id`),
  ADD KEY `historico_ubicaciones_id_ubicacion_foreign` (`id_ubicacion`);

--
-- Indices de la tabla `migrations`
--
ALTER TABLE `migrations`
  ADD PRIMARY KEY (`id`);

--
-- Indices de la tabla `oauth_access_tokens`
--
ALTER TABLE `oauth_access_tokens`
  ADD PRIMARY KEY (`id`),
  ADD KEY `oauth_access_tokens_user_id_index` (`user_id`);

--
-- Indices de la tabla `oauth_auth_codes`
--
ALTER TABLE `oauth_auth_codes`
  ADD PRIMARY KEY (`id`),
  ADD KEY `oauth_auth_codes_user_id_index` (`user_id`);

--
-- Indices de la tabla `oauth_clients`
--
ALTER TABLE `oauth_clients`
  ADD PRIMARY KEY (`id`),
  ADD KEY `oauth_clients_user_id_index` (`user_id`);

--
-- Indices de la tabla `oauth_personal_access_clients`
--
ALTER TABLE `oauth_personal_access_clients`
  ADD PRIMARY KEY (`id`);

--
-- Indices de la tabla `oauth_refresh_tokens`
--
ALTER TABLE `oauth_refresh_tokens`
  ADD PRIMARY KEY (`id`),
  ADD KEY `oauth_refresh_tokens_access_token_id_index` (`access_token_id`);

--
-- Indices de la tabla `password_reset_tokens`
--
ALTER TABLE `password_reset_tokens`
  ADD PRIMARY KEY (`email`);

--
-- Indices de la tabla `personal_access_tokens`
--
ALTER TABLE `personal_access_tokens`
  ADD PRIMARY KEY (`id`),
  ADD UNIQUE KEY `personal_access_tokens_token_unique` (`token`),
  ADD KEY `personal_access_tokens_tokenable_type_tokenable_id_index` (`tokenable_type`,`tokenable_id`);

--
-- Indices de la tabla `ubicaciones`
--
ALTER TABLE `ubicaciones`
  ADD PRIMARY KEY (`id`);

--
-- Indices de la tabla `users`
--
ALTER TABLE `users`
  ADD PRIMARY KEY (`id`),
  ADD UNIQUE KEY `users_email_unique` (`email`);

--
-- AUTO_INCREMENT de las tablas volcadas
--

--
-- AUTO_INCREMENT de la tabla `datos_tiempo`
--
ALTER TABLE `datos_tiempo`
  MODIFY `id` bigint UNSIGNED NOT NULL AUTO_INCREMENT, AUTO_INCREMENT=89;

--
-- AUTO_INCREMENT de la tabla `failed_jobs`
--
ALTER TABLE `failed_jobs`
  MODIFY `id` bigint UNSIGNED NOT NULL AUTO_INCREMENT;

--
-- AUTO_INCREMENT de la tabla `historico_ubicaciones`
--
ALTER TABLE `historico_ubicaciones`
  MODIFY `id` bigint UNSIGNED NOT NULL AUTO_INCREMENT, AUTO_INCREMENT=793;

--
-- AUTO_INCREMENT de la tabla `migrations`
--
ALTER TABLE `migrations`
  MODIFY `id` int UNSIGNED NOT NULL AUTO_INCREMENT, AUTO_INCREMENT=24;

--
-- AUTO_INCREMENT de la tabla `oauth_personal_access_clients`
--
ALTER TABLE `oauth_personal_access_clients`
  MODIFY `id` bigint UNSIGNED NOT NULL AUTO_INCREMENT, AUTO_INCREMENT=4;

--
-- AUTO_INCREMENT de la tabla `personal_access_tokens`
--
ALTER TABLE `personal_access_tokens`
  MODIFY `id` bigint UNSIGNED NOT NULL AUTO_INCREMENT;

--
-- AUTO_INCREMENT de la tabla `ubicaciones`
--
ALTER TABLE `ubicaciones`
  MODIFY `id` bigint UNSIGNED NOT NULL AUTO_INCREMENT, AUTO_INCREMENT=89;

--
-- AUTO_INCREMENT de la tabla `users`
--
ALTER TABLE `users`
  MODIFY `id` bigint UNSIGNED NOT NULL AUTO_INCREMENT, AUTO_INCREMENT=3;

--
-- Restricciones para tablas volcadas
--

--
-- Filtros para la tabla `datos_tiempo`
--
ALTER TABLE `datos_tiempo`
  ADD CONSTRAINT `datos_tiempo_id_ubicacion_foreign` FOREIGN KEY (`id_ubicacion`) REFERENCES `ubicaciones` (`id`);

--
-- Filtros para la tabla `historico_ubicaciones`
--
ALTER TABLE `historico_ubicaciones`
  ADD CONSTRAINT `historico_ubicaciones_id_ubicacion_foreign` FOREIGN KEY (`id_ubicacion`) REFERENCES `ubicaciones` (`id`);
COMMIT;

/*!40101 SET CHARACTER_SET_CLIENT=@OLD_CHARACTER_SET_CLIENT */;
/*!40101 SET CHARACTER_SET_RESULTS=@OLD_CHARACTER_SET_RESULTS */;
/*!40101 SET COLLATION_CONNECTION=@OLD_COLLATION_CONNECTION */;
